t,filename,timestamp,S1,S2
0,2003.10.22.12.06.24,2003-10-22 12:06:24,0.12461381908219489,0.11749315326627814
1,2003.10.22.12.09.13,2003-10-22 12:09:13,0.12381119580648291,0.11683251358448447
2,2003.10.22.12.14.13,2003-10-22 12:14:13,0.125246370877438,0.11838443959029994
3,2003.10.22.12.19.13,2003-10-22 12:19:13,0.1251974606387471,0.11900456965031322
4,2003.10.22.12.24.13,2003-10-22 12:24:13,0.12561814016563005,0.11968849195900948
5,2003.10.22.12.29.13,2003-10-22 12:29:13,0.12598810610870922,0.11928294573231382
6,2003.10.22.12.34.13,2003-10-22 12:34:13,0.1254834547345162,0.118342742024358
7,2003.10.22.12.39.13,2003-10-22 12:39:13,0.12507391310834717,0.11872070732461229
8,2003.10.22.12.44.13,2003-10-22 12:44:13,0.12539559920040305,0.11917781571170241
9,2003.10.22.12.49.13,2003-10-22 12:49:13,0.12482766323140276,0.11872403272827968
10,2003.10.22.12.54.13,2003-10-22 12:54:13,0.12513830668816506,0.11929895565474369
11,2003.10.22.12.59.13,2003-10-22 12:59:13,0.12481685430718331,0.1188369227512408
12,2003.10.22.13.04.13,2003-10-22 13:04:13,0.12414192376601921,0.11833768592530552
13,2003.10.22.13.09.13,2003-10-22 13:09:13,0.12444903026063521,0.11842082089021551
14,2003.10.22.13.14.13,2003-10-22 13:14:13,0.12467762374733186,0.11853295440212766
15,2003.10.22.13.19.13,2003-10-22 13:19:13,0.12854707840782498,0.1231637760165555
16,2003.10.22.13.24.13,2003-10-22 13:24:13,0.1266232757240079,0.11852378164911147
17,2003.10.22.13.29.13,2003-10-22 13:29:13,0.12733308448434316,0.12034981138169422
18,2003.10.22.13.34.13,2003-10-22 13:34:13,0.12591842849545745,0.11905196127079082
19,2003.10.22.13.39.13,2003-10-22 13:39:13,0.12636422431804026,0.11959571178492877
20,2003.10.22.13.44.13,2003-10-22 13:44:13,0.12644587083789305,0.11851332026434044
21,2003.10.22.13.49.13,2003-10-22 13:49:13,0.12721884173111406,0.12087568753036114
22,2003.10.22.13.54.13,2003-10-22 13:54:13,0.12628998805916633,0.11950958627213759
23,2003.10.22.13.59.13,2003-10-22 13:59:13,0.12775051235984583,0.12072897194944034
24,2003.10.22.14.04.13,2003-10-22 14:04:13,0.12559320046066635,0.11874047186281148
25,2003.10.22.14.09.13,2003-10-22 14:09:13,0.12581248137108655,0.11827949738628891
26,2003.10.22.14.14.13,2003-10-22 14:14:13,0.12675109771313373,0.11910959308979115
27,2003.10.22.14.19.13,2003-10-22 14:19:13,0.12589396386133353,0.11877843224591271
28,2003.10.22.14.24.13,2003-10-22 14:24:13,0.12770694124360224,0.11969400112892041
29,2003.10.22.14.29.13,2003-10-22 14:29:13,0.12737957605709158,0.12020084530855274
30,2003.10.22.14.34.13,2003-10-22 14:34:13,0.12581847391741108,0.11849871356764806
31,2003.10.22.14.39.13,2003-10-22 14:39:13,0.12645062107523436,0.11877234945934913
32,2003.10.22.14.44.13,2003-10-22 14:44:13,0.1269978340504893,0.11979654607363217
33,2003.10.22.14.49.13,2003-10-22 14:49:13,0.12617595349445304,0.11934648260487718
34,2003.10.22.14.54.13,2003-10-22 14:54:13,0.12633505643476398,0.11897266152126346
35,2003.10.22.14.59.13,2003-10-22 14:59:13,0.12576955516284288,0.11858486873859583
36,2003.10.22.15.04.13,2003-10-22 15:04:13,0.12572201827407262,0.11880555074035366
37,2003.10.22.15.09.13,2003-10-22 15:09:13,0.1253454710365516,0.11850543895745883
38,2003.10.22.15.14.13,2003-10-22 15:14:13,0.1258592219505587,0.11911032606533585
39,2003.10.22.15.19.13,2003-10-22 15:19:13,0.12527796847317418,0.11932339362264636
40,2003.10.22.15.24.13,2003-10-22 15:24:13,0.12537492736631745,0.11897199439035538
41,2003.10.22.15.29.13,2003-10-22 15:29:13,0.12540454654026206,0.1186910616484425
42,2003.10.22.15.37.48,2003-10-22 15:37:48,0.1254800568924575,0.11807444209884341
43,2003.10.22.15.44.13,2003-10-22 15:44:13,0.12484420349573454,0.1192461966685809
44,2003.10.22.15.54.13,2003-10-22 15:54:13,0.1263029214963598,0.11921929574744025
45,2003.10.22.16.04.13,2003-10-22 16:04:13,0.12618064539951243,0.1190998348206112
46,2003.10.22.16.14.13,2003-10-22 16:14:13,0.1254624426341156,0.11944928521461001
47,2003.10.22.16.24.13,2003-10-22 16:24:13,0.12571355340521412,0.11904774678936599
48,2003.10.22.16.34.13,2003-10-22 16:34:13,0.1259276421002231,0.11891563386920842
49,2003.10.22.16.44.13,2003-10-22 16:44:13,0.1252925075619922,0.11873271132371757
50,2003.10.22.16.54.13,2003-10-22 16:54:13,0.12752978608109802,0.12090498694901144
51,2003.10.22.17.04.13,2003-10-22 17:04:13,0.1270623889417862,0.12294305957815391
52,2003.10.22.17.14.13,2003-10-22 17:14:13,0.12639790319321212,0.11932612137410442
53,2003.10.22.17.19.38,2003-10-22 17:19:38,0.12447809797309725,0.11775781141154715
54,2003.10.22.17.24.13,2003-10-22 17:24:13,0.12696380531997348,0.1211153609748264
55,2003.10.22.17.34.13,2003-10-22 17:34:13,0.12905560987207462,0.12324912465618418
56,2003.10.22.17.44.13,2003-10-22 17:44:13,0.12541812509966663,0.12008006158978372
57,2003.10.22.17.54.13,2003-10-22 17:54:13,0.12502634038879817,0.11960197152136277
58,2003.10.22.18.04.13,2003-10-22 18:04:13,0.12456779557076289,0.11919308640060934
59,2003.10.22.18.14.13,2003-10-22 18:14:13,0.12388603358089341,0.11772388473504167
60,2003.10.22.18.24.13,2003-10-22 18:24:13,0.12755661809687688,0.12263904059207147
61,2003.10.22.18.34.13,2003-10-22 18:34:13,0.12556580033927928,0.11901140861639851
62,2003.10.22.18.44.13,2003-10-22 18:44:13,0.12598209411304995,0.11952373383231779
63,2003.10.22.18.54.13,2003-10-22 18:54:13,0.12619702477673553,0.11899769684942961
64,2003.10.22.19.04.13,2003-10-22 19:04:13,0.13041930593791753,0.12158906401597658
65,2003.10.22.19.14.13,2003-10-22 19:14:13,0.13212477660074537,0.12383379620293988
66,2003.10.22.19.24.13,2003-10-22 19:24:13,0.12856112606369635,0.1221450417760326
67,2003.10.22.19.34.13,2003-10-22 19:34:13,0.13050290963740283,0.12143945773319004
68,2003.10.22.19.44.13,2003-10-22 19:44:13,0.13043272032450293,0.12110638885655454
69,2003.10.22.19.54.13,2003-10-22 19:54:13,0.1296436115496055,0.12052209320772635
70,2003.10.22.20.04.13,2003-10-22 20:04:13,0.1306373672748943,0.12251508716085235
71,2003.10.22.20.14.13,2003-10-22 20:14:13,0.12976024541076708,0.12079886150707816
72,2003.10.22.20.24.13,2003-10-22 20:24:13,0.1300000706129616,0.12105763473542001
73,2003.10.22.20.34.13,2003-10-22 20:34:13,0.12965682788645622,0.12210861544069587
74,2003.10.22.20.44.13,2003-10-22 20:44:13,0.1296958491288368,0.12035001484926684
75,2003.10.22.20.54.13,2003-10-22 20:54:13,0.1318179480781994,0.12281285523962618
76,2003.10.22.21.04.13,2003-10-22 21:04:13,0.12949626318058127,0.12065586898573614
77,2003.10.22.21.14.13,2003-10-22 21:14:13,0.12936302046741613,0.12146267531279158
78,2003.10.22.21.24.13,2003-10-22 21:24:13,0.12933463742362292,0.12080698646401054
79,2003.10.22.21.34.13,2003-10-22 21:34:13,0.13059095960467076,0.12156284282567341
80,2003.10.22.21.44.13,2003-10-22 21:44:13,0.13101902649132444,0.12234717527931785
81,2003.10.22.21.54.13,2003-10-22 21:54:13,0.12991390741504064,0.12056395071055652
82,2003.10.22.22.04.13,2003-10-22 22:04:13,0.13125010193448422,0.12168907994448136
83,2003.10.22.22.14.13,2003-10-22 22:14:13,0.13073403157448618,0.12159485129448583
84,2003.10.22.22.24.13,2003-10-22 22:24:13,0.13029309189255536,0.12008031146350293
85,2003.10.22.22.34.13,2003-10-22 22:34:13,0.13051354059002365,0.12096966586129661
86,2003.10.22.22.44.13,2003-10-22 22:44:13,0.13051085679066848,0.12173313558283187
87,2003.10.22.22.54.13,2003-10-22 22:54:13,0.1305848974027529,0.12201160213146739
88,2003.10.22.23.04.13,2003-10-22 23:04:13,0.13017202241619308,0.12122529830534033
89,2003.10.22.23.14.13,2003-10-22 23:14:13,0.13078361220984933,0.12108628343916324
90,2003.10.22.23.24.13,2003-10-22 23:24:13,0.13234108247016493,0.12356316408047394
91,2003.10.22.23.34.13,2003-10-22 23:34:13,0.1304694408664343,0.12138649332491136
92,2003.10.22.23.44.13,2003-10-22 23:44:13,0.13071805727613486,0.12107851658215166
93,2003.10.22.23.54.13,2003-10-22 23:54:13,0.13100299786347927,0.12242767316358667
94,2003.10.23.00.04.13,2003-10-23 00:04:13,0.1316906001207233,0.12113827306500567
95,2003.10.23.00.14.13,2003-10-23 00:14:13,0.1319024784390323,0.12284668635990706
96,2003.10.23.00.24.13,2003-10-23 00:24:13,0.12924024892950095,0.12074581668154699
97,2003.10.23.00.34.13,2003-10-23 00:34:13,0.13023694639783,0.1211772939632901
98,2003.10.23.00.44.13,2003-10-23 00:44:13,0.1311893217253814,0.12177380454209456
99,2003.10.23.00.54.13,2003-10-23 00:54:13,0.13274837882278687,0.1253086550610257
100,2003.10.23.01.04.13,2003-10-23 01:04:13,0.13073974662533291,0.12300096643579929
101,2003.10.23.01.14.13,2003-10-23 01:14:13,0.12920793088776275,0.12067958528552997
102,2003.10.23.01.24.13,2003-10-23 01:24:13,0.1303740556428526,0.12126486740357345
103,2003.10.23.01.34.13,2003-10-23 01:34:13,0.12976582574487783,0.12108692138004366
104,2003.10.23.01.44.13,2003-10-23 01:44:13,0.13089752913926841,0.12109049733534781
105,2003.10.23.01.54.13,2003-10-23 01:54:13,0.1308540985876541,0.12212585361459607
106,2003.10.23.02.04.13,2003-10-23 02:04:13,0.13078054192609992,0.12045686448339869
107,2003.10.23.02.14.13,2003-10-23 02:14:13,0.13063906435947384,0.12179416610201153
108,2003.10.23.02.24.13,2003-10-23 02:24:13,0.13022403434502308,0.12233858506019779
109,2003.10.23.02.34.13,2003-10-23 02:34:13,0.130531617525518,0.12327937320339472
110,2003.10.23.02.44.13,2003-10-23 02:44:13,0.13029761774281648,0.1209760335090953
111,2003.10.23.02.54.13,2003-10-23 02:54:13,0.12960889052049293,0.12097707584852337
112,2003.10.23.03.04.13,2003-10-23 03:04:13,0.13079066815699478,0.122082459045682
113,2003.10.23.03.14.13,2003-10-23 03:14:13,0.1302054161339881,0.12161505812719595
114,2003.10.23.03.24.13,2003-10-23 03:24:13,0.13018762208197587,0.12139174784684707
115,2003.10.23.03.34.13,2003-10-23 03:34:13,0.12944478115083474,0.12167419755873675
116,2003.10.23.03.44.13,2003-10-23 03:44:13,0.13150715990191847,0.12297696426662341
117,2003.10.23.03.54.13,2003-10-23 03:54:13,0.13134489240818903,0.12210384484438339
118,2003.10.23.04.04.13,2003-10-23 04:04:13,0.1302991435001589,0.1209469894936543
119,2003.10.23.04.14.13,2003-10-23 04:14:13,0.1307418399401565,0.12044042022601362
120,2003.10.23.04.24.13,2003-10-23 04:24:13,0.13028547531526682,0.12041229748957849
121,2003.10.23.04.34.13,2003-10-23 04:34:13,0.1318625947586516,0.12137524559868303
122,2003.10.23.04.44.13,2003-10-23 04:44:13,0.13034139143154988,0.12160653966083096
123,2003.10.23.04.54.13,2003-10-23 04:54:13,0.13079517156339096,0.12116150866360416
124,2003.10.23.05.04.13,2003-10-23 05:04:13,0.1296214572050814,0.120319105338159
125,2003.10.23.05.14.13,2003-10-23 05:14:13,0.1314209006398906,0.12271920378863133
126,2003.10.23.05.24.13,2003-10-23 05:24:13,0.1303858836765291,0.1215863227781758
127,2003.10.23.05.34.13,2003-10-23 05:34:13,0.130226818354554,0.12142032636382129
128,2003.10.23.05.44.13,2003-10-23 05:44:13,0.12997437735773634,0.12100327910716924
129,2003.10.23.05.54.13,2003-10-23 05:54:13,0.13001111806423518,0.12049270980119244
130,2003.10.23.06.04.13,2003-10-23 06:04:13,0.13052576448851969,0.1203753977229281
131,2003.10.23.06.14.13,2003-10-23 06:14:13,0.131245547357508,0.12124397637260428
132,2003.10.23.06.24.13,2003-10-23 06:24:13,0.13085664959848475,0.12056686888630257
133,2003.10.23.06.34.13,2003-10-23 06:34:13,0.12935008214145052,0.12110440618435658
134,2003.10.23.06.44.13,2003-10-23 06:44:13,0.1307463136580005,0.12067037682774509
135,2003.10.23.06.54.13,2003-10-23 06:54:13,0.13067531159536935,0.12163195858658767
136,2003.10.23.07.04.13,2003-10-23 07:04:13,0.13105535529822407,0.12112932138834098
137,2003.10.23.07.14.13,2003-10-23 07:14:13,0.13207075647847585,0.12299220233794296
138,2003.10.23.07.24.13,2003-10-23 07:24:13,0.1312755600111841,0.12166890607331901
139,2003.10.23.07.34.13,2003-10-23 07:34:13,0.1292077561072912,0.12063532966619636
140,2003.10.23.07.44.13,2003-10-23 07:44:13,0.13106452892444814,0.12267673395834884
141,2003.10.23.07.54.13,2003-10-23 07:54:13,0.12910036917943196,0.12036487232674813
142,2003.10.23.08.04.13,2003-10-23 08:04:13,0.1310632737965951,0.12297735158925098
143,2003.10.23.08.14.13,2003-10-23 08:14:13,0.13165232014073092,0.12100250090229282
144,2003.10.23.08.24.13,2003-10-23 08:24:13,0.13064562710941574,0.1206493092004545
145,2003.10.23.08.34.13,2003-10-23 08:34:13,0.13025935048460774,0.12204703803119311
146,2003.10.23.08.44.13,2003-10-23 08:44:13,0.130833361780119,0.12101797689773976
147,2003.10.23.08.54.13,2003-10-23 08:54:13,0.1317864676166525,0.12360097580805389
148,2003.10.23.09.04.13,2003-10-23 09:04:13,0.1315846195775745,0.12197031969589466
149,2003.10.23.09.14.13,2003-10-23 09:14:13,0.1297159383352837,0.1215125736967424
150,2003.10.23.09.24.13,2003-10-23 09:24:13,0.13178461450086132,0.1227564735834352
151,2003.10.23.09.34.13,2003-10-23 09:34:13,0.13107483866127062,0.12172543547108386
152,2003.10.23.09.44.13,2003-10-23 09:44:13,0.1312690034605704,0.12198952891955779
153,2003.10.23.09.54.13,2003-10-23 09:54:13,0.13036529805703664,0.12165068981321582
154,2003.10.23.10.04.13,2003-10-23 10:04:13,0.12945760289479186,0.12089948449667806
155,2003.10.23.10.14.13,2003-10-23 10:14:13,0.13040333408703791,0.12147108729581753
156,2003.10.29.14.39.46,2003-10-29 14:39:46,0.1510650767777748,0.14582293398561103
157,2003.10.29.14.49.46,2003-10-29 14:49:46,0.1506887909525788,0.1458142664246841
158,2003.10.29.14.59.46,2003-10-29 14:59:46,0.15104596242095275,0.146914338315681
159,2003.10.29.15.09.46,2003-10-29 15:09:46,0.14987297730468918,0.1452465685440731
160,2003.10.29.15.19.46,2003-10-29 15:19:46,0.15128509794218,0.1463186627680104
161,2003.10.29.15.29.46,2003-10-29 15:29:46,0.15341032202657315,0.14929586701648215
162,2003.10.29.15.39.46,2003-10-29 15:39:46,0.15372281597209514,0.14849064328292919
163,2003.10.29.15.49.46,2003-10-29 15:49:46,0.15313185858364434,0.14787880895744285
164,2003.10.29.15.59.46,2003-10-29 15:59:46,0.15218584974079596,0.14801288214628483
165,2003.10.29.16.09.46,2003-10-29 16:09:46,0.1545277116632321,0.1487256292404532
166,2003.10.29.16.19.46,2003-10-29 16:19:46,0.15374896563422386,0.14780682137612086
167,2003.10.29.16.29.46,2003-10-29 16:29:46,0.15417889334258353,0.14876556936639018
168,2003.10.29.16.39.46,2003-10-29 16:39:46,0.15373110926249808,0.14890861635711558
169,2003.10.29.16.49.46,2003-10-29 16:49:46,0.15159141734445258,0.14707366666991878
170,2003.10.29.16.59.46,2003-10-29 16:59:46,0.15440837964656623,0.1503889147630029
171,2003.10.29.17.09.46,2003-10-29 17:09:46,0.1535842796546289,0.14805340124137853
172,2003.10.29.17.19.46,2003-10-29 17:19:46,0.15370192274232453,0.14753262682051893
173,2003.10.29.17.29.46,2003-10-29 17:29:46,0.15539988487367035,0.1500004804679805
174,2003.10.29.17.39.46,2003-10-29 17:39:46,0.15298487130958205,0.14841616129516944
175,2003.10.29.17.49.46,2003-10-29 17:49:46,0.15382094780742642,0.1478640439332066
176,2003.10.29.17.59.46,2003-10-29 17:59:46,0.15507215542666541,0.14895005323723454
177,2003.10.29.18.09.46,2003-10-29 18:09:46,0.1544309943996023,0.1485886483745688
178,2003.10.29.18.19.46,2003-10-29 18:19:46,0.1552559455949373,0.14942165425974493
179,2003.10.29.18.29.46,2003-10-29 18:29:46,0.15510678025557104,0.14993029679315778
180,2003.10.29.18.39.46,2003-10-29 18:39:46,0.1557404488318425,0.1495359390591857
181,2003.10.29.18.49.46,2003-10-29 18:49:46,0.15477867688528474,0.14791922052519493
182,2003.10.29.18.59.46,2003-10-29 18:59:46,0.15575208744713706,0.15036225089476624
183,2003.10.29.19.09.46,2003-10-29 19:09:46,0.15619200642508485,0.14966219612587126
184,2003.10.29.19.19.46,2003-10-29 19:19:46,0.15519555975471117,0.14884772623546774
185,2003.10.29.19.29.46,2003-10-29 19:29:46,0.15735577613549218,0.15084039076563055
186,2003.10.29.19.39.46,2003-10-29 19:39:46,0.15407669115674993,0.15009431946722077
187,2003.10.29.19.49.46,2003-10-29 19:49:46,0.15467211160831482,0.14820620301890625
188,2003.10.29.19.59.46,2003-10-29 19:59:46,0.15898814215438561,0.15152137070806218
189,2003.10.29.20.09.46,2003-10-29 20:09:46,0.15665693026109034,0.1505336307095839
190,2003.10.29.20.19.46,2003-10-29 20:19:46,0.1565094297840489,0.14939335677609003
191,2003.10.29.20.29.46,2003-10-29 20:29:46,0.15777460327775547,0.15193587257458324
192,2003.10.29.20.39.46,2003-10-29 20:39:46,0.1555238060492569,0.1506101868040161
193,2003.10.29.20.49.46,2003-10-29 20:49:46,0.15732481266376103,0.15092439788501102
194,2003.10.29.20.59.46,2003-10-29 20:59:46,0.1571116613147915,0.15209074953378984
195,2003.10.29.21.09.46,2003-10-29 21:09:46,0.1569032853919792,0.15084836637720633
196,2003.10.29.21.19.46,2003-10-29 21:19:46,0.1554834044600902,0.15053729714602707
197,2003.10.29.21.29.46,2003-10-29 21:29:46,0.1564821976258901,0.1521260551973983
198,2003.10.29.21.39.46,2003-10-29 21:39:46,0.15516618044756886,0.1508693264454686
199,2003.10.29.21.49.46,2003-10-29 21:49:46,0.15635999956155866,0.1505079644513248
200,2003.10.29.21.59.46,2003-10-29 21:59:46,0.15733475908398506,0.1509739225593902
201,2003.10.29.22.09.46,2003-10-29 22:09:46,0.1521511158701995,0.14771479229678133
202,2003.10.29.22.19.46,2003-10-29 22:19:46,0.15345979996428422,0.14939052743564432
203,2003.10.29.22.29.46,2003-10-29 22:29:46,0.1547398692917811,0.14922419639929588
204,2003.10.29.22.39.46,2003-10-29 22:39:46,0.15367588406692184,0.14887936650686145
205,2003.10.29.22.49.46,2003-10-29 22:49:46,0.15292406395311858,0.1486399857418189
206,2003.10.29.22.59.46,2003-10-29 22:59:46,0.1546632102141618,0.1499635437468887
207,2003.10.29.23.09.46,2003-10-29 23:09:46,0.15510108126688302,0.1491773802273132
208,2003.10.29.23.19.46,2003-10-29 23:19:46,0.15385127872980736,0.1484791985838736
209,2003.10.29.23.29.46,2003-10-29 23:29:46,0.15327339732051312,0.1488102148015951
210,2003.10.29.23.39.46,2003-10-29 23:39:46,0.15298989320172426,0.14862956603714694
211,2003.10.29.23.49.46,2003-10-29 23:49:46,0.15490895353955095,0.15053530183850358
212,2003.10.29.23.59.46,2003-10-29 23:59:46,0.1539890202559098,0.15010852015214068
213,2003.10.30.00.09.46,2003-10-30 00:09:46,0.15407635776924863,0.14877763841841077
214,2003.10.30.00.19.46,2003-10-30 00:19:46,0.15369206717873202,0.1487624387525082
215,2003.10.30.00.29.46,2003-10-30 00:29:46,0.15467751893304096,0.15016077630404812
216,2003.10.30.00.39.46,2003-10-30 00:39:46,0.15201462026854728,0.14857266148988346
217,2003.10.30.00.49.46,2003-10-30 00:49:46,0.1503314271477566,0.14601882704487973
218,2003.10.30.00.59.46,2003-10-30 00:59:46,0.15361584228833017,0.14985211916148367
219,2003.10.30.01.09.46,2003-10-30 01:09:46,0.1517771102997336,0.14742149410390645
220,2003.10.30.01.19.46,2003-10-30 01:19:46,0.15271774989441306,0.1481937992914599
221,2003.10.30.01.29.46,2003-10-30 01:29:46,0.15195473344264404,0.14788844755396505
222,2003.10.30.01.39.46,2003-10-30 01:39:46,0.15096969991680037,0.14770670120234264
223,2003.10.30.01.49.46,2003-10-30 01:49:46,0.15351465123736968,0.14830567024281938
224,2003.10.30.01.59.46,2003-10-30 01:59:46,0.15329038262803704,0.14736455264734843
225,2003.10.30.02.09.46,2003-10-30 02:09:46,0.15232611356247122,0.147772122524218
226,2003.10.30.02.19.46,2003-10-30 02:19:46,0.15146437351837067,0.14694669011695408
227,2003.10.30.02.29.46,2003-10-30 02:29:46,0.1522630165887407,0.1471437335407543
228,2003.10.30.02.39.46,2003-10-30 02:39:46,0.15145157990158933,0.14711157028367322
229,2003.10.30.02.49.46,2003-10-30 02:49:46,0.15198717982787646,0.14666693141104184
230,2003.10.30.02.59.46,2003-10-30 02:59:46,0.15162309613396635,0.14796564971672901
231,2003.10.30.03.09.46,2003-10-30 03:09:46,0.15046114629022586,0.14646292309590464
232,2003.10.30.03.19.46,2003-10-30 03:19:46,0.15146677663378239,0.14707708139303605
233,2003.10.30.03.29.46,2003-10-30 03:29:46,0.1529628120655475,0.14820063716941934
234,2003.10.30.03.39.46,2003-10-30 03:39:46,0.15074692582116309,0.14618614140695116
235,2003.10.31.00.09.46,2003-10-31 00:09:46,0.1494423226950786,0.14306605636689299
236,2003.10.31.00.19.46,2003-10-31 00:19:46,0.14991053712339572,0.1445603669995039
237,2003.10.31.00.29.46,2003-10-31 00:29:46,0.15100827662540553,0.14467915438944115
238,2003.10.31.00.39.46,2003-10-31 00:39:46,0.14896261934757535,0.14287916763114472
239,2003.10.31.00.49.46,2003-10-31 00:49:46,0.1495804191952965,0.1435500006462796
240,2003.10.31.00.59.46,2003-10-31 00:59:46,0.15109778966290546,0.1447449342674684
241,2003.10.31.01.09.46,2003-10-31 01:09:46,0.15071994981250617,0.14527100213910552
242,2003.10.31.01.19.46,2003-10-31 01:19:46,0.1501527882340289,0.14391511542996013
243,2003.10.31.01.29.46,2003-10-31 01:29:46,0.15043239030452973,0.1432052962874126
244,2003.10.31.01.39.46,2003-10-31 01:39:46,0.14808484621894133,0.1407720933828528
245,2003.10.31.01.49.46,2003-10-31 01:49:46,0.15100105238794073,0.1449176330241704
246,2003.10.31.01.59.46,2003-10-31 01:59:46,0.15141764276022296,0.14496451478508457
247,2003.10.31.02.09.46,2003-10-31 02:09:46,0.1489691790559166,0.1430129035303174
248,2003.10.31.02.19.46,2003-10-31 02:19:46,0.1487722293329744,0.14304653075463766
249,2003.10.31.02.29.46,2003-10-31 02:29:46,0.14945799848300817,0.1430485859742023
250,2003.10.31.02.39.46,2003-10-31 02:39:46,0.14873319183529823,0.14295596527536897
251,2003.10.31.02.49.46,2003-10-31 02:49:46,0.1496359697315455,0.14307081585567819
252,2003.10.31.02.59.46,2003-10-31 02:59:46,0.1506716296793606,0.14494571754679836
253,2003.10.31.03.09.46,2003-10-31 03:09:46,0.14947808518046632,0.14311109256257226
254,2003.10.31.03.19.46,2003-10-31 03:19:46,0.15059983208432912,0.1439789462487159
255,2003.10.31.03.29.46,2003-10-31 03:29:46,0.15094237505067123,0.14490491747149878
256,2003.10.31.03.39.46,2003-10-31 03:39:46,0.14920754162747815,0.14283335853555665
257,2003.10.31.03.49.46,2003-10-31 03:49:46,0.15017505020183947,0.14414755945379157
258,2003.10.31.03.59.46,2003-10-31 03:59:46,0.15008239761617198,0.1445624459576207
259,2003.10.31.04.09.46,2003-10-31 04:09:46,0.15048339865740798,0.14342411991651938
260,2003.10.31.04.19.46,2003-10-31 04:19:46,0.15003517898026658,0.14307507658241003
261,2003.10.31.04.29.46,2003-10-31 04:29:46,0.14989180831259175,0.14511642012751347
262,2003.10.31.04.39.46,2003-10-31 04:39:46,0.1491439616245408,0.1430018175556477
263,2003.10.31.04.49.46,2003-10-31 04:49:46,0.14897081906078327,0.1433385953945674
264,2003.10.31.04.59.46,2003-10-31 04:59:46,0.15001834637152509,0.14482039489430953
265,2003.10.31.05.09.46,2003-10-31 05:09:46,0.14955271577247226,0.14381151180532933
266,2003.10.31.05.19.46,2003-10-31 05:19:46,0.15094417266565394,0.14446232393641387
267,2003.10.31.05.29.46,2003-10-31 05:29:46,0.15019702896450923,0.14458489359223572
268,2003.10.31.05.39.46,2003-10-31 05:39:46,0.14948761641332534,0.14365262224862535
269,2003.10.31.05.49.46,2003-10-31 05:49:46,0.14844091575017312,0.1432020872507407
270,2003.10.31.05.59.46,2003-10-31 05:59:46,0.1504650974699469,0.14425001455535022
271,2003.10.31.06.09.46,2003-10-31 06:09:46,0.1487936726855346,0.14292076858787878
272,2003.10.31.06.19.46,2003-10-31 06:19:46,0.15135828542371327,0.1434114020034996
273,2003.10.31.06.29.46,2003-10-31 06:29:46,0.1508733334427944,0.14448385624974464
274,2003.10.31.06.39.46,2003-10-31 06:39:46,0.15023219073425143,0.1439989639244954
275,2003.10.31.06.49.46,2003-10-31 06:49:46,0.14884708261805552,0.14384653008936296
276,2003.10.31.06.59.46,2003-10-31 06:59:46,0.15194715685580465,0.14482624135683034
277,2003.10.31.07.09.46,2003-10-31 07:09:46,0.1497473984735941,0.1448550863619289
278,2003.10.31.07.19.46,2003-10-31 07:19:46,0.1502911156176364,0.14438407151559993
279,2003.10.31.07.29.46,2003-10-31 07:29:46,0.15075636938503212,0.1436890381945179
280,2003.10.31.07.39.46,2003-10-31 07:39:46,0.1490322874583831,0.14295023274891425
281,2003.10.31.07.49.46,2003-10-31 07:49:46,0.15055388038319537,0.14533574578852324
282,2003.10.31.07.59.46,2003-10-31 07:59:46,0.15089798395770568,0.14434722744241574
283,2003.10.31.08.09.46,2003-10-31 08:09:46,0.15076022570391992,0.14372590304144248
284,2003.10.31.08.19.46,2003-10-31 08:19:46,0.14964371113816685,0.14371932706043097
285,2003.10.31.08.29.46,2003-10-31 08:29:46,0.14998794043319158,0.14446960847679174
286,2003.10.31.08.39.46,2003-10-31 08:39:46,0.1507464738069663,0.14384342310684126
287,2003.10.31.08.49.46,2003-10-31 08:49:46,0.15025629325292628,0.14467730761886521
288,2003.10.31.08.59.46,2003-10-31 08:59:46,0.1503824673112174,0.14516636620427312
289,2003.10.31.09.09.46,2003-10-31 09:09:46,0.14833278625615992,0.142724898597573
290,2003.10.31.09.19.46,2003-10-31 09:19:46,0.15067853593463884,0.14428473520942237
291,2003.10.31.09.29.46,2003-10-31 09:29:46,0.15025595073880393,0.1437515378654151
292,2003.10.31.09.39.46,2003-10-31 09:39:46,0.15014123006304347,0.14416170154172794
293,2003.10.31.09.49.46,2003-10-31 09:49:46,0.15037789897455012,0.1437036100418584
294,2003.10.31.09.59.46,2003-10-31 09:59:46,0.15112856550151885,0.14468554584938462
295,2003.10.31.10.09.46,2003-10-31 10:09:46,0.14913002794331864,0.14333263510837083
296,2003.10.31.12.05.51,2003-10-31 12:05:51,0.1492916462977647,0.14413890412251867
297,2003.10.31.12.11.44,2003-10-31 12:11:44,0.15036426895677793,0.14486379715637204
298,2003.10.31.12.21.44,2003-10-31 12:21:44,0.15028495134763994,0.14378105914462447
299,2003.10.31.12.31.44,2003-10-31 12:31:44,0.15059822505801654,0.14375422667019874
300,2003.10.31.12.41.44,2003-10-31 12:41:44,0.15085154611353424,0.14415065954231487
301,2003.10.31.12.51.44,2003-10-31 12:51:44,0.1501996480599863,0.1437555535612016
302,2003.10.31.13.01.44,2003-10-31 13:01:44,0.15084802019023152,0.14560515171201233
303,2003.10.31.13.11.44,2003-10-31 13:11:44,0.15159723748178716,0.14598729560655485
304,2003.10.31.13.21.44,2003-10-31 13:21:44,0.15020673904031404,0.1446561468796889
305,2003.10.31.13.31.44,2003-10-31 13:31:44,0.14856050380574112,0.14324182527394888
306,2003.10.31.13.41.44,2003-10-31 13:41:44,0.15038609765912747,0.1441718951514563
307,2003.10.31.13.51.44,2003-10-31 13:51:44,0.1505415739206802,0.14390399971096182
308,2003.10.31.14.01.44,2003-10-31 14:01:44,0.14989118628061285,0.1434677725407783
309,2003.10.31.14.11.44,2003-10-31 14:11:44,0.14967083251411661,0.14401785591469424
310,2003.10.31.14.21.44,2003-10-31 14:21:44,0.15086147655190796,0.14492544790070083
311,2003.10.31.14.31.44,2003-10-31 14:31:44,0.15087709728891302,0.14478209532588318
312,2003.10.31.14.41.44,2003-10-31 14:41:44,0.14913352851110268,0.14373770039092693
313,2003.10.31.14.51.44,2003-10-31 14:51:44,0.14945473519127372,0.1433373578120207
314,2003.10.31.15.01.44,2003-10-31 15:01:44,0.1500317326460681,0.14487878571008292
315,2003.10.31.15.11.44,2003-10-31 15:11:44,0.14967328742547883,0.1439485398637522
316,2003.10.31.15.21.44,2003-10-31 15:21:44,0.149730016143641,0.14489020273851982
317,2003.10.31.15.31.44,2003-10-31 15:31:44,0.14941712468267318,0.1438049337970537
318,2003.10.31.15.41.44,2003-10-31 15:41:44,0.15064901341907497,0.14470731522655697
319,2003.10.31.15.51.44,2003-10-31 15:51:44,0.15039867543388014,0.14342307133992818
320,2003.10.31.16.01.44,2003-10-31 16:01:44,0.14894177419249904,0.1432230455320804
321,2003.10.31.16.11.44,2003-10-31 16:11:44,0.15119144156318215,0.14532810265697066
322,2003.10.31.16.21.44,2003-10-31 16:21:44,0.1491337588453525,0.14343854659885058
323,2003.10.31.16.31.44,2003-10-31 16:31:44,0.14939084529583171,0.14332120506842533
324,2003.10.31.16.41.44,2003-10-31 16:41:44,0.15063678652665866,0.14536982756947237
325,2003.10.31.16.51.44,2003-10-31 16:51:44,0.14926377134958102,0.14415282129972995
326,2003.10.31.17.01.44,2003-10-31 17:01:44,0.15080381825922876,0.1444093232333659
327,2003.10.31.17.11.44,2003-10-31 17:11:44,0.15132727735952586,0.14607878532982638
328,2003.10.31.17.21.44,2003-10-31 17:21:44,0.14789226805083067,0.14427336316975667
329,2003.10.31.17.31.44,2003-10-31 17:31:44,0.14985879258436507,0.14335890292837805
330,2003.10.31.17.41.44,2003-10-31 17:41:44,0.15163375338629467,0.14588765275568216
331,2003.10.31.17.51.44,2003-10-31 17:51:44,0.1494687333394304,0.14337412611438125
332,2003.10.31.18.01.44,2003-10-31 18:01:44,0.15077615001089986,0.14426989291585796
333,2003.10.31.18.11.44,2003-10-31 18:11:44,0.1501163544489636,0.14468686875537246
334,2003.10.31.18.21.44,2003-10-31 18:21:44,0.14949462913638403,0.14358235298895108
335,2003.10.31.18.31.44,2003-10-31 18:31:44,0.1482185455867766,0.14328763140096915
336,2003.10.31.18.41.44,2003-10-31 18:41:44,0.151177746817488,0.14592818375643934
337,2003.10.31.18.51.44,2003-10-31 18:51:44,0.1497903539834404,0.14234647380077817
338,2003.10.31.19.01.44,2003-10-31 19:01:44,0.15044853787534168,0.1431868693037725
339,2003.10.31.19.11.44,2003-10-31 19:11:44,0.15001682929680132,0.14515323631155713
340,2003.10.31.19.21.44,2003-10-31 19:21:44,0.14937827287863228,0.1432190290541139
341,2003.10.31.19.31.44,2003-10-31 19:31:44,0.14843150777378772,0.14336109689020413
342,2003.10.31.19.41.44,2003-10-31 19:41:44,0.15102161233604322,0.1444222844308813
343,2003.10.31.19.51.44,2003-10-31 19:51:44,0.15049182650147483,0.14417727481217568
344,2003.10.31.20.01.44,2003-10-31 20:01:44,0.1491262386657484,0.14361225601641733
345,2003.10.31.20.11.44,2003-10-31 20:11:44,0.14940994557236642,0.14446306787035787
346,2003.10.31.20.21.44,2003-10-31 20:21:44,0.14920028697950158,0.14492095434343683
347,2003.10.31.20.31.44,2003-10-31 20:31:44,0.1491031106236763,0.14382060494327648
348,2003.10.31.20.41.44,2003-10-31 20:41:44,0.15032710671622693,0.14401993371958532
349,2003.10.31.20.51.44,2003-10-31 20:51:44,0.14933559904650373,0.14406587238460572
350,2003.10.31.21.01.44,2003-10-31 21:01:44,0.14852351603181607,0.14382506616790802
351,2003.10.31.21.11.44,2003-10-31 21:11:44,0.14962865753674995,0.14321655436894332
352,2003.10.31.21.21.44,2003-10-31 21:21:44,0.15024618095837952,0.1443939168478238
353,2003.10.31.21.31.44,2003-10-31 21:31:44,0.14888628407592655,0.1434472841842736
354,2003.10.31.21.41.44,2003-10-31 21:41:44,0.15003337909861925,0.14409201941326852
355,2003.10.31.21.51.44,2003-10-31 21:51:44,0.1495145187217407,0.14344173689957057
356,2003.10.31.22.01.44,2003-10-31 22:01:44,0.15041206616637343,0.14300560710024407
357,2003.10.31.22.11.44,2003-10-31 22:11:44,0.15066158431491836,0.14422778496211514
358,2003.10.31.22.21.44,2003-10-31 22:21:44,0.15029614645966474,0.14304944222163843
359,2003.10.31.22.31.44,2003-10-31 22:31:44,0.14881722827562885,0.14370833040751543
360,2003.10.31.22.41.44,2003-10-31 22:41:44,0.15051057326983916,0.14504199873307172
361,2003.10.31.22.51.44,2003-10-31 22:51:44,0.14847212063370263,0.14337743363780264
362,2003.10.31.23.01.44,2003-10-31 23:01:44,0.14866910763320376,0.14342769216876974
363,2003.10.31.23.11.44,2003-10-31 23:11:44,0.1517884256848163,0.14554557215600464
364,2003.10.31.23.21.44,2003-10-31 23:21:44,0.14802871936827833,0.14227773870722232
365,2003.10.31.23.31.44,2003-10-31 23:31:44,0.14953179564947466,0.14353266995269753
366,2003.10.31.23.41.44,2003-10-31 23:41:44,0.15047600433577232,0.14375429715044608
367,2003.10.31.23.51.44,2003-10-31 23:51:44,0.14968588986607922,0.1439081506049844
368,2003.11.01.00.01.44,2003-11-01 00:01:44,0.14968871623331576,0.14413631209672234
369,2003.11.01.00.11.44,2003-11-01 00:11:44,0.14943635442367262,0.14479443520659513
370,2003.11.01.00.21.44,2003-11-01 00:21:44,0.149936740892722,0.14330372421206253
371,2003.11.01.00.31.44,2003-11-01 00:31:44,0.14909296154292673,0.14420604782225893
372,2003.11.01.00.41.44,2003-11-01 00:41:44,0.1499084215889196,0.14450652829111216
373,2003.11.01.00.51.44,2003-11-01 00:51:44,0.14814557016980798,0.14237560771380398
374,2003.11.01.01.01.44,2003-11-01 01:01:44,0.14955212840788368,0.14252020672933322
375,2003.11.01.01.11.44,2003-11-01 01:11:44,0.14968228575860898,0.14478313911863797
376,2003.11.01.01.21.44,2003-11-01 01:21:44,0.1495648223479852,0.14359502532757926
377,2003.11.01.01.31.44,2003-11-01 01:31:44,0.14783012926714442,0.14234287029777562
378,2003.11.01.01.41.44,2003-11-01 01:41:44,0.14950737123210472,0.14436004166963715
379,2003.11.01.01.51.44,2003-11-01 01:51:44,0.15010393306857836,0.14344911887854608
380,2003.11.01.02.01.44,2003-11-01 02:01:44,0.14823651113144115,0.14320782350448116
381,2003.11.01.02.11.44,2003-11-01 02:11:44,0.15022386403688287,0.14527925863068428
382,2003.11.01.02.21.44,2003-11-01 02:21:44,0.15020732807106982,0.14477646411121828
383,2003.11.01.02.31.44,2003-11-01 02:31:44,0.15023233926727877,0.1431002134650749
384,2003.11.01.02.41.44,2003-11-01 02:41:44,0.15055096144557664,0.14477390171293825
385,2003.11.01.02.51.44,2003-11-01 02:51:44,0.15010102132085076,0.14487580180699175
386,2003.11.01.03.01.44,2003-11-01 03:01:44,0.14951972607762537,0.14290950992618984
387,2003.11.01.03.11.44,2003-11-01 03:11:44,0.1495445985747751,0.14398195229920527
388,2003.11.01.03.21.44,2003-11-01 03:21:44,0.15067660990175075,0.14440554787077736
389,2003.11.01.03.31.44,2003-11-01 03:31:44,0.148203620847879,0.14277403920016848
390,2003.11.01.03.41.44,2003-11-01 03:41:44,0.15094320609038273,0.14520643978918427
391,2003.11.01.03.51.44,2003-11-01 03:51:44,0.14834872230054133,0.1429060887272215
392,2003.11.01.04.01.44,2003-11-01 04:01:44,0.14982472441781763,0.14373929528756438
393,2003.11.01.04.11.44,2003-11-01 04:11:44,0.15027032038780355,0.1445330386713644
394,2003.11.01.04.21.44,2003-11-01 04:21:44,0.14964836910237278,0.14451675586107438
395,2003.11.01.04.31.44,2003-11-01 04:31:44,0.15021012284749444,0.1443392637049081
396,2003.11.01.04.41.44,2003-11-01 04:41:44,0.15002209863258478,0.1441894570061166
397,2003.11.01.04.51.44,2003-11-01 04:51:44,0.14963881400961157,0.14359516508415898
398,2003.11.01.05.01.44,2003-11-01 05:01:44,0.15051708433191646,0.14389591218975567
399,2003.11.01.05.11.44,2003-11-01 05:11:44,0.14999035808854932,0.14466839675454776
400,2003.11.01.05.21.44,2003-11-01 05:21:44,0.15083551954058474,0.14509018292648412
401,2003.11.01.05.31.44,2003-11-01 05:31:44,0.15057628280496027,0.14413584968377055
402,2003.11.01.05.41.44,2003-11-01 05:41:44,0.15064669627844274,0.14453078800601837
403,2003.11.01.05.51.44,2003-11-01 05:51:44,0.14931346634000817,0.14319535814998727
404,2003.11.01.06.01.44,2003-11-01 06:01:44,0.14948872893340487,0.14287830404097399
405,2003.11.01.06.11.44,2003-11-01 06:11:44,0.14954224864853202,0.1437470325780675
406,2003.11.01.06.21.44,2003-11-01 06:21:44,0.1488529456008933,0.1435220891984597
407,2003.11.01.06.31.44,2003-11-01 06:31:44,0.14926420609997645,0.14285005865526448
408,2003.11.01.06.41.44,2003-11-01 06:41:44,0.15094268349665668,0.14409309463633224
409,2003.11.01.06.51.44,2003-11-01 06:51:44,0.150012337871496,0.14322365646597762
410,2003.11.01.07.01.44,2003-11-01 07:01:44,0.14898946536925228,0.14170546330356543
411,2003.11.01.07.11.44,2003-11-01 07:11:44,0.15107386196022835,0.1435888316962382
412,2003.11.01.07.21.44,2003-11-01 07:21:44,0.148905772067701,0.14338753214627833
413,2003.11.01.07.31.44,2003-11-01 07:31:44,0.14879644872878142,0.14281553060241733
414,2003.11.01.07.41.44,2003-11-01 07:41:44,0.1498924650348334,0.1436119190763122
415,2003.11.01.07.51.44,2003-11-01 07:51:44,0.14849296118498134,0.14327960093107725
416,2003.11.01.08.01.44,2003-11-01 08:01:44,0.15002852658432161,0.1435725710374265
417,2003.11.01.08.11.44,2003-11-01 08:11:44,0.15016481927941294,0.14362110950589096
418,2003.11.01.08.21.44,2003-11-01 08:21:44,0.1471124174871253,0.14256521260023428
419,2003.11.01.08.31.44,2003-11-01 08:31:44,0.14939208388185266,0.14274706002062268
420,2003.11.01.08.41.44,2003-11-01 08:41:44,0.1507218607132854,0.14453894506542173
421,2003.11.01.08.51.44,2003-11-01 08:51:44,0.1494696282707314,0.14334160022641282
422,2003.11.01.09.01.44,2003-11-01 09:01:44,0.1488452409777308,0.14293741562360868
423,2003.11.01.09.11.44,2003-11-01 09:11:44,0.1493618356843018,0.14346727887369257
424,2003.11.01.09.21.44,2003-11-01 09:21:44,0.14893511967647818,0.14251713147433145
425,2003.11.01.09.31.44,2003-11-01 09:31:44,0.1483769588710731,0.14302015742435575
426,2003.11.01.09.41.44,2003-11-01 09:41:44,0.1493086317976857,0.1428239601528749
427,2003.11.01.09.51.44,2003-11-01 09:51:44,0.14923979367321907,0.14325548636963265
428,2003.11.01.10.01.44,2003-11-01 10:01:44,0.14822590444993075,0.1434650150624709
429,2003.11.01.10.11.44,2003-11-01 10:11:44,0.14965420118272868,0.1437914997840841
430,2003.11.01.10.21.44,2003-11-01 10:21:44,0.1475400644078372,0.142015775422134
431,2003.11.01.10.31.44,2003-11-01 10:31:44,0.14847939441688957,0.14258508030980355
432,2003.11.01.10.41.44,2003-11-01 10:41:44,0.14987187382712316,0.14408882419470465
433,2003.11.01.10.51.44,2003-11-01 10:51:44,0.1474867310636579,0.1426339948754876
434,2003.11.01.11.01.44,2003-11-01 11:01:44,0.14983669055972448,0.14341396423193506
435,2003.11.01.11.11.44,2003-11-01 11:11:44,0.14912899263829452,0.14303323204329127
436,2003.11.01.11.21.44,2003-11-01 11:21:44,0.1473244594013181,0.14210507037185768
437,2003.11.01.11.31.44,2003-11-01 11:31:44,0.1484701353926628,0.14232809549620948
438,2003.11.01.11.41.44,2003-11-01 11:41:44,0.15037995432923398,0.14442454067511779
439,2003.11.01.11.51.44,2003-11-01 11:51:44,0.1488997224434955,0.1433765347359554
440,2003.11.01.12.01.44,2003-11-01 12:01:44,0.1488187501968628,0.14422602737597764
441,2003.11.01.12.11.44,2003-11-01 12:11:44,0.1492288820185812,0.14487370712322165
442,2003.11.01.12.21.44,2003-11-01 12:21:44,0.14912518401602226,0.14368077358249998
443,2003.11.01.12.31.44,2003-11-01 12:31:44,0.14881437288825633,0.14304116096588684
444,2003.11.01.12.41.44,2003-11-01 12:41:44,0.14939321067734096,0.143458072122245
445,2003.11.01.12.51.44,2003-11-01 12:51:44,0.15042845855282214,0.143983520751671
446,2003.11.01.13.01.44,2003-11-01 13:01:44,0.14891123483261764,0.1439804177426895
447,2003.11.01.13.11.44,2003-11-01 13:11:44,0.14934950619268883,0.1447548834047793
448,2003.11.01.13.21.44,2003-11-01 13:21:44,0.1493912548360324,0.14422895176539194
449,2003.11.01.13.31.44,2003-11-01 13:31:44,0.15048885395940667,0.1458707959508281
450,2003.11.01.13.41.44,2003-11-01 13:41:44,0.1508513687349861,0.14491453468607368
451,2003.11.01.13.51.44,2003-11-01 13:51:44,0.14931302584670902,0.1439527445927352
452,2003.11.01.14.01.44,2003-11-01 14:01:44,0.14956740485062245,0.1444202903461694
453,2003.11.01.14.11.44,2003-11-01 14:11:44,0.15009993269459476,0.1447639174548513
454,2003.11.01.14.21.44,2003-11-01 14:21:44,0.14823026850140966,0.14380283896412
455,2003.11.01.14.31.44,2003-11-01 14:31:44,0.15043019511891761,0.14448110481456564
456,2003.11.01.14.41.44,2003-11-01 14:41:44,0.15016497844688395,0.14356225664569056
457,2003.11.01.14.51.44,2003-11-01 14:51:44,0.14939525049057156,0.14441924595951752
458,2003.11.01.15.01.44,2003-11-01 15:01:44,0.14982741503768596,0.14487689615346713
459,2003.11.01.15.11.44,2003-11-01 15:11:44,0.15131211163338223,0.14610350919943924
460,2003.11.01.15.21.44,2003-11-01 15:21:44,0.15027674275836064,0.14545429389099562
461,2003.11.01.15.31.44,2003-11-01 15:31:44,0.15039097710997743,0.14365875908728992
462,2003.11.01.15.41.44,2003-11-01 15:41:44,0.14967791249958817,0.1439139124927968
463,2003.11.01.15.51.44,2003-11-01 15:51:44,0.1497246651083143,0.14475922560734256
464,2003.11.01.16.01.44,2003-11-01 16:01:44,0.15244657827749242,0.14487237817137968
465,2003.11.01.16.11.44,2003-11-01 16:11:44,0.1513135597340007,0.1444591636109384
466,2003.11.01.16.21.44,2003-11-01 16:21:44,0.14848171890710782,0.14379235924806644
467,2003.11.01.16.31.44,2003-11-01 16:31:44,0.15047855513873273,0.14565362111444397
468,2003.11.01.16.41.44,2003-11-01 16:41:44,0.15214413268139854,0.14648942007978769
469,2003.11.01.16.51.44,2003-11-01 16:51:44,0.14970922337150774,0.14290336004622145
470,2003.11.01.17.01.44,2003-11-01 17:01:44,0.14944444123360695,0.14476700063431672
471,2003.11.01.17.11.44,2003-11-01 17:11:44,0.14984032614701473,0.14482800076189514
472,2003.11.01.17.21.44,2003-11-01 17:21:44,0.15051284546639407,0.14332309043539748
473,2003.11.01.17.31.44,2003-11-01 17:31:44,0.1507141338643605,0.14547347249987497
474,2003.11.01.17.41.44,2003-11-01 17:41:44,0.15115277156427698,0.14464779422791071
475,2003.11.01.17.51.44,2003-11-01 17:51:44,0.14905017080825084,0.14297426731157342
476,2003.11.01.18.01.44,2003-11-01 18:01:44,0.1495204533393237,0.14349554653368166
477,2003.11.01.18.11.44,2003-11-01 18:11:44,0.15077741413514575,0.14586470832509701
478,2003.11.01.18.21.44,2003-11-01 18:21:44,0.15132034004885134,0.14676567756573103
479,2003.11.01.18.31.44,2003-11-01 18:31:44,0.15103897598178093,0.14563328319387753
480,2003.11.01.18.41.44,2003-11-01 18:41:44,0.15099489915329092,0.14506609602797227
481,2003.11.01.18.51.44,2003-11-01 18:51:44,0.15175257958320265,0.14441001063594933
482,2003.11.01.19.01.44,2003-11-01 19:01:44,0.15044605342193054,0.1444614787673733
483,2003.11.01.19.11.44,2003-11-01 19:11:44,0.15157300253559752,0.14503692131633888
484,2003.11.01.19.21.44,2003-11-01 19:21:44,0.15134905895473674,0.14447834116037298
485,2003.11.01.19.31.44,2003-11-01 19:31:44,0.15234413798027518,0.1456402593936512
486,2003.11.01.19.41.44,2003-11-01 19:41:44,0.1521242603142966,0.14678468566343186
487,2003.11.01.19.51.44,2003-11-01 19:51:44,0.15096239038431683,0.14423840755114647
488,2003.11.01.20.01.44,2003-11-01 20:01:44,0.14965570170472747,0.14364919648362334
489,2003.11.01.20.11.44,2003-11-01 20:11:44,0.15206215721935265,0.1461054231633254
490,2003.11.01.20.21.44,2003-11-01 20:21:44,0.15203916811985696,0.14358095631254517
491,2003.11.01.20.31.44,2003-11-01 20:31:44,0.152469636609689,0.14556922802050018
492,2003.11.01.20.41.44,2003-11-01 20:41:44,0.15323588364073296,0.14619759310764577
493,2003.11.01.20.51.44,2003-11-01 20:51:44,0.15202321519749665,0.14581107428712548
494,2003.11.01.21.01.44,2003-11-01 21:01:44,0.14981832992802274,0.14443788572265676
495,2003.11.01.21.11.44,2003-11-01 21:11:44,0.1530555843935872,0.14684639083069081
496,2003.11.01.21.21.44,2003-11-01 21:21:44,0.15223233105088912,0.14499699501870073
497,2003.11.01.21.31.44,2003-11-01 21:31:44,0.1526764161129982,0.145937426726427
498,2003.11.01.21.41.44,2003-11-01 21:41:44,0.1529581939028807,0.14531678958722388
499,2003.11.01.21.51.44,2003-11-01 21:51:44,0.15171473089424276,0.14501180733849958
500,2003.11.01.22.01.44,2003-11-01 22:01:44,0.15231482369611346,0.144289943830556
501,2003.11.01.22.11.44,2003-11-01 22:11:44,0.15274002786853633,0.14664963594450636
502,2003.11.01.22.21.44,2003-11-01 22:21:44,0.15144204298282726,0.14588488964039636
503,2003.11.01.22.31.44,2003-11-01 22:31:44,0.15129935903671857,0.14434989111340932
504,2003.11.01.22.41.44,2003-11-01 22:41:44,0.15162171700768784,0.1466514577112281
505,2003.11.01.22.51.44,2003-11-01 22:51:44,0.15203641933015383,0.14604197829332538
506,2003.11.01.23.01.44,2003-11-01 23:01:44,0.15173712861779043,0.1462110897424401
507,2003.11.01.23.11.44,2003-11-01 23:11:44,0.15232296252407046,0.14718753134951895
508,2003.11.01.23.21.44,2003-11-01 23:21:44,0.15234908692574883,0.14625338304046595
509,2003.11.01.23.31.44,2003-11-01 23:31:44,0.15098654935436304,0.14390273288997374
510,2003.11.01.23.41.44,2003-11-01 23:41:44,0.1519105639302078,0.14707613804033398
511,2003.11.01.23.51.44,2003-11-01 23:51:44,0.15025018312566835,0.14508828451234226
512,2003.11.03.09.53.55,2003-11-03 09:53:55,0.1580692813454851,0.1533944658656339
513,2003.11.03.10.01.44,2003-11-03 10:01:44,0.15849098810515025,0.15248040393435602
514,2003.11.03.10.11.44,2003-11-03 10:11:44,0.1596622194396854,0.15317145548499114
515,2003.11.03.10.21.44,2003-11-03 10:21:44,0.16035377849412763,0.15418530190721408
516,2003.11.03.10.31.44,2003-11-03 10:31:44,0.15819136700133166,0.15334988572272193
517,2003.11.03.10.41.44,2003-11-03 10:41:44,0.15915081367728104,0.15384999796880078
518,2003.11.03.10.51.44,2003-11-03 10:51:44,0.15878482931780472,0.15384386822689952
519,2003.11.03.11.01.44,2003-11-03 11:01:44,0.15910943637679265,0.15387575126111286
520,2003.11.03.11.11.44,2003-11-03 11:11:44,0.16030315335813736,0.15405547128363173
521,2003.11.03.11.21.44,2003-11-03 11:21:44,0.16112178632728996,0.1536050150052583
522,2003.11.03.11.31.44,2003-11-03 11:31:44,0.15957704487786809,0.1540460548398392
523,2003.11.03.11.41.44,2003-11-03 11:41:44,0.16006336635845192,0.15326209344488734
524,2003.11.03.11.51.44,2003-11-03 11:51:44,0.1635638527778888,0.1563179342942813
525,2003.11.03.12.01.44,2003-11-03 12:01:44,0.16389851864511315,0.15757877726687017
526,2003.11.03.12.11.44,2003-11-03 12:11:44,0.1648133947169495,0.15756543252675617
527,2003.11.03.12.21.44,2003-11-03 12:21:44,0.163636151232649,0.157838583859231
528,2003.11.03.12.31.44,2003-11-03 12:31:44,0.1666781351360216,0.1588825452452023
529,2003.11.03.12.41.44,2003-11-03 12:41:44,0.16691598074751934,0.15950718384831059
530,2003.11.03.12.51.44,2003-11-03 12:51:44,0.16529267928198982,0.15942693363409066
531,2003.11.03.13.01.44,2003-11-03 13:01:44,0.16589684412497124,0.1589040552638506
532,2003.11.03.13.11.44,2003-11-03 13:11:44,0.16424710581187763,0.15743769461455817
533,2003.11.03.13.21.44,2003-11-03 13:21:44,0.1648128904764051,0.15737976499438389
534,2003.11.03.13.31.44,2003-11-03 13:31:44,0.16431141623121093,0.15750686694479585
535,2003.11.03.13.41.44,2003-11-03 13:41:44,0.1650769545628171,0.1564467094584946
536,2003.11.03.13.51.44,2003-11-03 13:51:44,0.16388729960755424,0.15800083069401882
537,2003.11.03.14.01.44,2003-11-03 14:01:44,0.16375543615737997,0.1574292037686107
538,2003.11.03.14.11.44,2003-11-03 14:11:44,0.16253358622263467,0.15500157603785436
539,2003.11.03.14.21.44,2003-11-03 14:21:44,0.16288428539821606,0.15588161933995578
540,2003.11.07.14.51.44,2003-11-07 14:51:44,0.15676342272075142,0.15114002684545133
541,2003.11.07.15.01.44,2003-11-07 15:01:44,0.15648618149855917,0.1509040744886155
542,2003.11.07.15.11.44,2003-11-07 15:11:44,0.15446053298496676,0.14916847304175695
543,2003.11.07.15.21.44,2003-11-07 15:21:44,0.15407115705266472,0.15217123950606598
544,2003.11.07.15.31.44,2003-11-07 15:31:44,0.1546214188083167,0.1495051219662411
545,2003.11.07.15.41.44,2003-11-07 15:41:44,0.15487637979233027,0.1496435212338497
546,2003.11.07.15.51.44,2003-11-07 15:51:44,0.15269128420274805,0.14944089011603176
547,2003.11.07.16.01.44,2003-11-07 16:01:44,0.15477566915917979,0.14974282543591613
548,2003.11.07.16.11.44,2003-11-07 16:11:44,0.15497114052148953,0.14982338593375952
549,2003.11.07.16.21.44,2003-11-07 16:21:44,0.15447598828630696,0.14867592381507377
550,2003.11.07.16.31.44,2003-11-07 16:31:44,0.1555640990589269,0.1490782070471947
551,2003.11.07.16.41.44,2003-11-07 16:41:44,0.15514976666968033,0.15060588928298504
552,2003.11.07.16.51.44,2003-11-07 16:51:44,0.1563093134296346,0.15138463000308808
553,2003.11.07.17.01.44,2003-11-07 17:01:44,0.15435383837752464,0.14976686619203988
554,2003.11.07.17.11.44,2003-11-07 17:11:44,0.15474446173449957,0.15102417316080977
555,2003.11.07.17.21.44,2003-11-07 17:21:44,0.15570725267358695,0.1506708582292251
556,2003.11.07.17.31.44,2003-11-07 17:31:44,0.15411772954643108,0.14940651569993108
557,2003.11.07.17.41.44,2003-11-07 17:41:44,0.15519701094747687,0.1504478034161163
558,2003.11.07.17.51.44,2003-11-07 17:51:44,0.15357813660468977,0.14978825011677943
559,2003.11.07.18.01.44,2003-11-07 18:01:44,0.15362872265246538,0.14894015779993236
560,2003.11.07.18.11.44,2003-11-07 18:11:44,0.15554684455047418,0.1510181747715424
561,2003.11.07.18.21.44,2003-11-07 18:21:44,0.153965118500405,0.15028101183959086
562,2003.11.07.18.31.44,2003-11-07 18:31:44,0.15433906891438529,0.149290688974407
563,2003.11.07.18.41.44,2003-11-07 18:41:44,0.15429854983268232,0.15044546548812132
564,2003.11.07.18.51.44,2003-11-07 18:51:44,0.15549079005206587,0.15077608864223133
565,2003.11.07.19.01.44,2003-11-07 19:01:44,0.15429910030040883,0.14875119599703013
566,2003.11.07.19.11.44,2003-11-07 19:11:44,0.15273337579596427,0.14845081305430555
567,2003.11.07.19.21.44,2003-11-07 19:21:44,0.1560107753064472,0.1516302161870697
568,2003.11.07.19.31.44,2003-11-07 19:31:44,0.15343389061437013,0.14777561081702134
569,2003.11.07.19.41.44,2003-11-07 19:41:44,0.15483456077677715,0.14924771822873667
570,2003.11.07.19.51.44,2003-11-07 19:51:44,0.15524398875615725,0.15074495758176498
571,2003.11.07.20.01.44,2003-11-07 20:01:44,0.1542124077343284,0.14972568960905222
572,2003.11.07.20.11.44,2003-11-07 20:11:44,0.15297619236236565,0.14803360032834395
573,2003.11.07.20.21.44,2003-11-07 20:21:44,0.1554082174870428,0.15081711684810514
574,2003.11.07.20.31.44,2003-11-07 20:31:44,0.15363925365502099,0.14940937578433833
575,2003.11.07.20.41.44,2003-11-07 20:41:44,0.1549162130205894,0.14998252176816304
576,2003.11.07.20.51.44,2003-11-07 20:51:44,0.15665061626489657,0.15077294310019204
577,2003.11.07.21.01.44,2003-11-07 21:01:44,0.1532944534323568,0.1501582184769514
578,2003.11.07.21.11.44,2003-11-07 21:11:44,0.1537622081344783,0.148392305784416
579,2003.11.07.21.21.44,2003-11-07 21:21:44,0.15480708430045886,0.14885878604769606
580,2003.11.07.21.31.44,2003-11-07 21:31:44,0.15417043046855444,0.14933775097806817
581,2003.11.07.21.41.44,2003-11-07 21:41:44,0.1541365144535539,0.14917277400352336
582,2003.11.07.21.51.44,2003-11-07 21:51:44,0.1558115620584485,0.15137041887679872
583,2003.11.07.22.01.44,2003-11-07 22:01:44,0.15362675859703365,0.14936217076837302
584,2003.11.07.22.11.44,2003-11-07 22:11:44,0.15563405062788718,0.14993516079094407
585,2003.11.07.22.21.44,2003-11-07 22:21:44,0.1544965989019358,0.1509838216641004
586,2003.11.07.22.31.44,2003-11-07 22:31:44,0.15402127174009927,0.14882791797885864
587,2003.11.07.22.41.44,2003-11-07 22:41:44,0.15446140326196783,0.1494256252470397
588,2003.11.08.10.22.19,2003-11-08 10:22:19,0.1542946944466173,0.14959116501448413
589,2003.11.08.10.31.44,2003-11-08 10:31:44,0.15597051363333672,0.1507670951905206
590,2003.11.08.10.41.44,2003-11-08 10:41:44,0.15422917470465217,0.1498842041650925
591,2003.11.08.10.51.44,2003-11-08 10:51:44,0.1538477457014625,0.1503305795714793
592,2003.11.08.11.01.44,2003-11-08 11:01:44,0.15402672204366236,0.14982461817384185
593,2003.11.08.11.11.44,2003-11-08 11:11:44,0.15548941068747255,0.14890868882446678
594,2003.11.08.11.21.44,2003-11-08 11:21:44,0.15516781962151094,0.1493132881153332
595,2003.11.08.11.31.44,2003-11-08 11:31:44,0.15388169823205505,0.14908503907821577
596,2003.11.08.11.41.44,2003-11-08 11:41:44,0.1540053537206073,0.14938247447957417
597,2003.11.08.11.51.44,2003-11-08 11:51:44,0.15442585906274126,0.14999972802709718
598,2003.11.08.12.01.44,2003-11-08 12:01:44,0.15366122484701328,0.15023307299227798
599,2003.11.08.12.11.44,2003-11-08 12:11:44,0.15399144643833915,0.14942387945690985
600,2003.11.08.12.21.44,2003-11-08 12:21:44,0.15519150326466613,0.14959226289212788
601,2003.11.08.12.31.44,2003-11-08 12:31:44,0.15298571040424208,0.14949308339325226
602,2003.11.08.12.41.44,2003-11-08 12:41:44,0.15315983659848623,0.1490830862357045
603,2003.11.08.12.51.44,2003-11-08 12:51:44,0.15453113056112674,0.14913967914838885
604,2003.11.08.13.01.44,2003-11-08 13:01:44,0.15342333262623592,0.14881077539949855
605,2003.11.08.13.11.44,2003-11-08 13:11:44,0.1550451147171566,0.14982899350566922
606,2003.11.08.13.21.44,2003-11-08 13:21:44,0.1524915392120166,0.14842588622329958
607,2003.11.08.13.31.44,2003-11-08 13:31:44,0.15501518653551538,0.1488185441469955
608,2003.11.08.13.41.44,2003-11-08 13:41:44,0.15344237024475385,0.149180281199722
609,2003.11.08.13.51.44,2003-11-08 13:51:44,0.15370462776916072,0.14889583007220392
610,2003.11.08.14.01.44,2003-11-08 14:01:44,0.1541180257761584,0.14982394404428276
611,2003.11.08.14.11.44,2003-11-08 14:11:44,0.15390023132267175,0.1489500365186469
612,2003.11.08.14.21.44,2003-11-08 14:21:44,0.15268716949539549,0.14956468865928882
613,2003.11.08.14.31.44,2003-11-08 14:31:44,0.15501538450616362,0.1494319064916672
614,2003.11.08.14.41.44,2003-11-08 14:41:44,0.15406346728905265,0.14880448828050138
615,2003.11.08.14.51.44,2003-11-08 14:51:44,0.15396850343115026,0.14966725300176306
616,2003.11.08.15.01.44,2003-11-08 15:01:44,0.15424489488361112,0.15045798085813278
617,2003.11.08.15.11.44,2003-11-08 15:11:44,0.1535916869457072,0.14816459304050808
618,2003.11.08.15.21.44,2003-11-08 15:21:44,0.15396850279688903,0.14941326131321142
619,2003.11.08.15.31.44,2003-11-08 15:31:44,0.15385128983783536,0.14879857252523251
620,2003.11.08.15.41.44,2003-11-08 15:41:44,0.15358519654464178,0.1500788581775428
621,2003.11.08.15.51.44,2003-11-08 15:51:44,0.15298238687299717,0.1495237594453533
622,2003.11.08.16.01.44,2003-11-08 16:01:44,0.1528207244719282,0.14860416285150585
623,2003.11.08.16.11.44,2003-11-08 16:11:44,0.15352654016539372,0.14908536938036962
624,2003.11.08.16.21.44,2003-11-08 16:21:44,0.15400142536246825,0.14988429424111202
625,2003.11.08.16.31.44,2003-11-08 16:31:44,0.15456343162123196,0.14971686478018892
626,2003.11.08.16.41.44,2003-11-08 16:41:44,0.1539435935025188,0.14857305060874096
627,2003.11.08.16.51.44,2003-11-08 16:51:44,0.15319668793845545,0.14875239543107996
628,2003.11.08.17.01.44,2003-11-08 17:01:44,0.15285642917278006,0.14820000029652708
629,2003.11.08.17.11.44,2003-11-08 17:11:44,0.15377680470104227,0.14925457897734035
630,2003.11.08.17.21.44,2003-11-08 17:21:44,0.15309293749146505,0.1488731004877245
631,2003.11.08.17.31.44,2003-11-08 17:31:44,0.15413614302277548,0.1485519175803425
632,2003.11.08.17.41.44,2003-11-08 17:41:44,0.15443195321509123,0.14871275498790865
633,2003.11.08.17.51.44,2003-11-08 17:51:44,0.15286010777448814,0.14912776905696085
634,2003.11.08.18.01.44,2003-11-08 18:01:44,0.15348457653580375,0.14902185553714722
635,2003.11.08.18.11.44,2003-11-08 18:11:44,0.15162103363912566,0.1495306695717575
636,2003.11.08.18.21.44,2003-11-08 18:21:44,0.15322958195190722,0.14830073041163688
637,2003.11.08.18.31.44,2003-11-08 18:31:44,0.15474263032734387,0.14856990312065646
638,2003.11.08.18.41.44,2003-11-08 18:41:44,0.1543187308887842,0.1495827412650771
639,2003.11.08.18.51.44,2003-11-08 18:51:44,0.15384552323526107,0.1496301261718479
640,2003.11.08.19.01.44,2003-11-08 19:01:44,0.15421051206467734,0.14989482005752608
641,2003.11.08.19.11.44,2003-11-08 19:11:44,0.1543586608888735,0.14896279504171714
642,2003.11.08.19.21.44,2003-11-08 19:21:44,0.15196255031822398,0.14714108991643657
643,2003.11.08.19.31.44,2003-11-08 19:31:44,0.15523485247787663,0.14954101620406274
644,2003.11.08.19.41.44,2003-11-08 19:41:44,0.15311952860122874,0.14841383314617485
645,2003.11.08.19.51.44,2003-11-08 19:51:44,0.1523643421980271,0.14780844999736992
646,2003.11.08.20.01.44,2003-11-08 20:01:44,0.15256879243731744,0.14813559412932084
647,2003.11.08.20.11.44,2003-11-08 20:11:44,0.15338197076279247,0.1500877145882117
648,2003.11.08.20.21.44,2003-11-08 20:21:44,0.15290004905165988,0.1485683927825309
649,2003.11.08.20.31.44,2003-11-08 20:31:44,0.15368690079692057,0.14998995913659313
650,2003.11.08.20.41.44,2003-11-08 20:41:44,0.1537089982803341,0.14793836871312324
651,2003.11.08.20.51.44,2003-11-08 20:51:44,0.1538156606809044,0.14942347654166288
652,2003.11.08.21.01.44,2003-11-08 21:01:44,0.1538652551684326,0.1493400202570986
653,2003.11.08.21.11.44,2003-11-08 21:11:44,0.1532090061339309,0.1479161665741253
654,2003.11.08.21.21.44,2003-11-08 21:21:44,0.15275492540775282,0.14860041816005684
655,2003.11.08.21.31.44,2003-11-08 21:31:44,0.1538739255395062,0.14956784214628782
656,2003.11.08.21.41.44,2003-11-08 21:41:44,0.15297873706545176,0.14802173995074805
657,2003.11.08.21.51.44,2003-11-08 21:51:44,0.153068655449932,0.14783811848553724
658,2003.11.08.22.01.44,2003-11-08 22:01:44,0.15333755846477243,0.14829385138103965
659,2003.11.08.22.11.44,2003-11-08 22:11:44,0.154246432735797,0.14965768002814372
660,2003.11.08.22.21.44,2003-11-08 22:21:44,0.1529326917409257,0.14789411825641935
661,2003.11.08.22.31.44,2003-11-08 22:31:44,0.15415394139133898,0.14881589401841458
662,2003.11.08.22.41.44,2003-11-08 22:41:44,0.15457606134273955,0.14856552423168162
663,2003.11.08.22.51.44,2003-11-08 22:51:44,0.1534248670970583,0.14762491416831755
664,2003.11.08.23.01.44,2003-11-08 23:01:44,0.15398315083861447,0.14940293508401617
665,2003.11.08.23.11.44,2003-11-08 23:11:44,0.15319044360441922,0.14920656036599061
666,2003.11.08.23.21.44,2003-11-08 23:21:44,0.15341294530485156,0.14812278446391614
667,2003.11.08.23.31.44,2003-11-08 23:31:44,0.15408228115274766,0.14940618545412745
668,2003.11.08.23.41.44,2003-11-08 23:41:44,0.15339247987062266,0.14898000681850107
669,2003.11.08.23.51.44,2003-11-08 23:51:44,0.15194830262270742,0.14772906190869106
670,2003.11.09.00.01.44,2003-11-09 00:01:44,0.1533682777280923,0.1487970966671141
671,2003.11.09.00.11.44,2003-11-09 00:11:44,0.15430486561587867,0.1494460737359069
672,2003.11.09.00.21.44,2003-11-09 00:21:44,0.154017315572288,0.14854555984481452
673,2003.11.09.00.31.44,2003-11-09 00:31:44,0.15280928437951052,0.148462859018047
674,2003.11.09.00.41.44,2003-11-09 00:41:44,0.15294438550856893,0.14714097476596424
675,2003.11.09.00.51.44,2003-11-09 00:51:44,0.15242752808583945,0.14820731445053792
676,2003.11.09.01.01.44,2003-11-09 01:01:44,0.15333810951644775,0.14702147832167456
677,2003.11.09.01.11.44,2003-11-09 01:11:44,0.15409357667045617,0.14910692996135355
678,2003.11.09.01.21.44,2003-11-09 01:21:44,0.1529304050509986,0.1478536384018732
679,2003.11.09.01.31.44,2003-11-09 01:31:44,0.15299743251266915,0.14960744515726607
680,2003.11.09.01.41.44,2003-11-09 01:41:44,0.15365650596760255,0.1484192714136312
681,2003.11.09.01.51.44,2003-11-09 01:51:44,0.1529318231412183,0.14957846335358158
682,2003.11.09.02.01.44,2003-11-09 02:01:44,0.15393186684019086,0.1497560245684001
683,2003.11.09.02.11.44,2003-11-09 02:11:44,0.15239824538134453,0.14827929496867137
684,2003.11.09.02.21.44,2003-11-09 02:21:44,0.1535914445401745,0.1488784616319319
685,2003.11.09.02.31.44,2003-11-09 02:31:44,0.15193507765577252,0.1476995885472646
686,2003.11.09.02.41.44,2003-11-09 02:41:44,0.15239579751936239,0.1472882345044488
687,2003.11.09.02.51.44,2003-11-09 02:51:44,0.15317011771536085,0.14779362640472482
688,2003.11.09.03.01.44,2003-11-09 03:01:44,0.15339525178924013,0.14819240587883123
689,2003.11.09.03.11.44,2003-11-09 03:11:44,0.15249223805169765,0.14895551273917534
690,2003.11.09.03.21.44,2003-11-09 03:21:44,0.15363110637401245,0.14923493073265806
691,2003.11.09.03.31.44,2003-11-09 03:31:44,0.15204503261652244,0.14819297309721075
692,2003.11.09.03.41.44,2003-11-09 03:41:44,0.15439516647758317,0.14832787975329983
693,2003.11.09.03.51.44,2003-11-09 03:51:44,0.15399285380639421,0.14757637704099824
694,2003.11.09.04.01.44,2003-11-09 04:01:44,0.1529138252070529,0.1475989058622006
695,2003.11.09.04.11.44,2003-11-09 04:11:44,0.1525995083902222,0.14689025269870915
696,2003.11.09.04.21.44,2003-11-09 04:21:44,0.153556531445619,0.14830669911353675
697,2003.11.09.04.31.44,2003-11-09 04:31:44,0.154017502144389,0.1481394036377771
698,2003.11.09.04.41.44,2003-11-09 04:41:44,0.1533512394365261,0.1483281784933539
699,2003.11.09.04.51.44,2003-11-09 04:51:44,0.15470656148339548,0.1493628100413135
700,2003.11.09.05.01.44,2003-11-09 05:01:44,0.15294589493459362,0.148089434351024
701,2003.11.09.05.11.44,2003-11-09 05:11:44,0.15321788381868157,0.14857507210424384
702,2003.11.09.05.21.44,2003-11-09 05:21:44,0.15340093664408067,0.1480690565506936
703,2003.11.09.05.31.44,2003-11-09 05:31:44,0.15259272731584392,0.14773548072695672
704,2003.11.09.05.41.44,2003-11-09 05:41:44,0.1526159713686509,0.14987697950110618
705,2003.11.09.05.51.44,2003-11-09 05:51:44,0.15381541719983524,0.1495950032261585
706,2003.11.09.06.01.44,2003-11-09 06:01:44,0.15410428439452942,0.1482523931351953
707,2003.11.09.06.11.44,2003-11-09 06:11:44,0.15277274837641816,0.14921711533790494
708,2003.11.09.06.21.44,2003-11-09 06:21:44,0.15290705663490484,0.14731925863526382
709,2003.11.09.06.31.44,2003-11-09 06:31:44,0.15405122692655884,0.1485884418413092
710,2003.11.09.06.41.44,2003-11-09 06:41:44,0.15450786729059302,0.15047537644417316
711,2003.11.09.06.51.44,2003-11-09 06:51:44,0.1541604537740224,0.1482343003913062
712,2003.11.09.07.01.44,2003-11-09 07:01:44,0.15386673874172943,0.14919745430500397
713,2003.11.09.07.11.44,2003-11-09 07:11:44,0.15254221127511927,0.14897580992684475
714,2003.11.09.07.21.44,2003-11-09 07:21:44,0.15368162192652948,0.1481347911782437
715,2003.11.09.07.31.44,2003-11-09 07:31:44,0.15358119289971675,0.14831703862103135
716,2003.11.09.07.41.44,2003-11-09 07:41:44,0.1533577892493156,0.14714294873788974
717,2003.11.09.07.51.44,2003-11-09 07:51:44,0.15228089584788493,0.14794228231470669
718,2003.11.09.08.01.44,2003-11-09 08:01:44,0.15358732660780072,0.1481018230812842
719,2003.11.09.08.11.44,2003-11-09 08:11:44,0.15559146146514397,0.15035043635100465
720,2003.11.09.08.20.39,2003-11-09 08:20:39,0.15445421155409417,0.14890098282263578
721,2003.11.09.08.25.58,2003-11-09 08:25:58,0.15374962048987714,0.14792752197550157
722,2003.11.09.08.35.58,2003-11-09 08:35:58,0.15472399758824584,0.1492248040329485
723,2003.11.09.08.45.58,2003-11-09 08:45:58,0.15491028921630134,0.1497665346216508
724,2003.11.09.08.55.58,2003-11-09 08:55:58,0.15545780002267698,0.14834739189362456
725,2003.11.09.09.05.58,2003-11-09 09:05:58,0.15474655406855997,0.14887387994173543
726,2003.11.09.09.15.58,2003-11-09 09:15:58,0.15577066491746167,0.1499778681589387
727,2003.11.09.09.25.58,2003-11-09 09:25:58,0.1534437484407458,0.14889560166543706
728,2003.11.09.09.35.58,2003-11-09 09:35:58,0.1551461171791974,0.15003015175472853
729,2003.11.09.09.45.58,2003-11-09 09:45:58,0.15529062141549108,0.15075870475878622
730,2003.11.09.09.55.58,2003-11-09 09:55:58,0.1537801155084143,0.1494555009939204
731,2003.11.09.10.05.58,2003-11-09 10:05:58,0.15374500563534577,0.14818201286103141
732,2003.11.09.10.15.58,2003-11-09 10:15:58,0.15444674793992508,0.14858271071638224
733,2003.11.09.10.25.58,2003-11-09 10:25:58,0.1533067347889212,0.14865691595788397
734,2003.11.09.10.35.58,2003-11-09 10:35:58,0.15466583213142537,0.14884035432038836
735,2003.11.09.10.45.58,2003-11-09 10:45:58,0.154204541677047,0.14972563840864062
736,2003.11.09.10.55.58,2003-11-09 10:55:58,0.15375798394539753,0.14796174811839038
737,2003.11.09.11.05.58,2003-11-09 11:05:58,0.1529166864285296,0.14768687314720969
738,2003.11.09.11.15.58,2003-11-09 11:15:58,0.15425793844164268,0.1488208710502537
739,2003.11.09.11.25.58,2003-11-09 11:25:58,0.15318105957238562,0.14902892163074213
740,2003.11.09.11.35.58,2003-11-09 11:35:58,0.15549235279377488,0.14860555651045237
741,2003.11.09.11.45.58,2003-11-09 11:45:58,0.15434720492438064,0.14830042453738543
742,2003.11.09.11.55.58,2003-11-09 11:55:58,0.15428653826135277,0.14912431828741918
743,2003.11.09.12.05.58,2003-11-09 12:05:58,0.1538341417373351,0.14853922550515697
744,2003.11.09.12.15.58,2003-11-09 12:15:58,0.15495038599222857,0.1482434287250408
745,2003.11.09.12.25.58,2003-11-09 12:25:58,0.1537236689851306,0.149331945285704
746,2003.11.09.12.35.58,2003-11-09 12:35:58,0.15381233333747574,0.14892369536449068
747,2003.11.09.12.45.58,2003-11-09 12:45:58,0.15577495599120708,0.14978299537372392
748,2003.11.09.12.55.58,2003-11-09 12:55:58,0.1527079049952781,0.1478300100292034
749,2003.11.09.13.05.58,2003-11-09 13:05:58,0.15408738056573412,0.14801586894970922
750,2003.11.09.13.15.58,2003-11-09 13:15:58,0.15292869368291387,0.14844167165190675
751,2003.11.09.13.25.58,2003-11-09 13:25:58,0.15391561329385983,0.14798281843099642
752,2003.11.09.13.35.58,2003-11-09 13:35:58,0.15273478628461248,0.14757066666569021
753,2003.11.09.13.45.58,2003-11-09 13:45:58,0.15345545656130152,0.14821580846490787
754,2003.11.09.13.55.58,2003-11-09 13:55:58,0.15420843842173082,0.14907146133964577
755,2003.11.09.14.05.58,2003-11-09 14:05:58,0.15470522010246818,0.14895985885728158
756,2003.11.09.14.15.58,2003-11-09 14:15:58,0.15309296029598324,0.14854863126131246
757,2003.11.09.14.25.58,2003-11-09 14:25:58,0.15388152101459626,0.147938868748949
758,2003.11.09.14.35.58,2003-11-09 14:35:58,0.15245803469725694,0.14896404243138678
759,2003.11.09.14.45.58,2003-11-09 14:45:58,0.15341115974904457,0.1474082830247231
760,2003.11.09.14.55.58,2003-11-09 14:55:58,0.15391063223456575,0.14779847234573967
761,2003.11.09.15.05.58,2003-11-09 15:05:58,0.1527722176584514,0.14839033378933203
762,2003.11.09.15.15.58,2003-11-09 15:15:58,0.15341446189698227,0.14838686652868954
763,2003.11.09.15.25.58,2003-11-09 15:25:58,0.15552818870053348,0.14967209847044596
764,2003.11.09.15.35.58,2003-11-09 15:35:58,0.15467346653514946,0.14784142125887367
765,2003.11.09.15.45.58,2003-11-09 15:45:58,0.15350267200443124,0.14661353905415547
766,2003.11.09.15.55.58,2003-11-09 15:55:58,0.15413319672927173,0.14965168575990467
767,2003.11.09.16.05.58,2003-11-09 16:05:58,0.1535294068241183,0.14771165908118297
768,2003.11.09.16.15.58,2003-11-09 16:15:58,0.15242703556743142,0.14730715163843242
769,2003.11.09.16.25.58,2003-11-09 16:25:58,0.15425870239835743,0.1485232165340132
770,2003.11.09.16.35.58,2003-11-09 16:35:58,0.1535884409051915,0.1492191073294151
771,2003.11.09.16.45.58,2003-11-09 16:45:58,0.15416179165997165,0.14861322657583764
772,2003.11.09.16.55.58,2003-11-09 16:55:58,0.15321498934172328,0.14837376888442494
773,2003.11.09.17.05.58,2003-11-09 17:05:58,0.1543076273152311,0.1484690226397202
774,2003.11.09.17.15.58,2003-11-09 17:15:58,0.15433036377084267,0.14909405408295337
775,2003.11.09.17.25.58,2003-11-09 17:25:58,0.15301365578739,0.1477734946223125
776,2003.11.09.17.35.58,2003-11-09 17:35:58,0.1549418525949231,0.14862754462576705
777,2003.11.09.17.45.58,2003-11-09 17:45:58,0.15432072647928324,0.14782175116398635
778,2003.11.09.17.55.58,2003-11-09 17:55:58,0.15453167293293996,0.149724114780736
779,2003.11.09.18.05.58,2003-11-09 18:05:58,0.15416796228692628,0.14888124150565654
780,2003.11.09.18.15.58,2003-11-09 18:15:58,0.15396274534160853,0.1500429450242913
781,2003.11.09.22.02.15,2003-11-09 22:02:15,0.15528798945175623,0.1471377168330532
782,2003.11.09.22.05.58,2003-11-09 22:05:58,0.15431358612036766,0.1487997479508429
783,2003.11.09.22.15.58,2003-11-09 22:15:58,0.1535434173315788,0.14864342607473222
784,2003.11.09.22.25.58,2003-11-09 22:25:58,0.15306927031142428,0.14899077332878496
785,2003.11.09.22.35.58,2003-11-09 22:35:58,0.15379086648833987,0.1481257092216671
786,2003.11.09.22.45.58,2003-11-09 22:45:58,0.15331362266456056,0.14892181778537353
787,2003.11.09.22.55.58,2003-11-09 22:55:58,0.15489243495487443,0.14884440232509796
788,2003.11.09.23.05.58,2003-11-09 23:05:58,0.15395132874091652,0.14806408640058744
789,2003.11.09.23.15.58,2003-11-09 23:15:58,0.15388433663794376,0.14801087507553287
790,2003.11.09.23.25.58,2003-11-09 23:25:58,0.15439690412668983,0.14836870330073193
791,2003.11.09.23.35.58,2003-11-09 23:35:58,0.15538319159570882,0.1488270282111817
792,2003.11.09.23.45.58,2003-11-09 23:45:58,0.15424021459667425,0.1492147344027748
793,2003.11.09.23.55.58,2003-11-09 23:55:58,0.15561295353727386,0.14829938558089806
794,2003.11.10.00.05.58,2003-11-10 00:05:58,0.15537917959985822,0.1487966971410257
795,2003.11.10.00.15.58,2003-11-10 00:15:58,0.15536173358236818,0.14941805946451261
796,2003.11.10.00.25.58,2003-11-10 00:25:58,0.15434936132617094,0.1483781262834081
797,2003.11.10.00.35.58,2003-11-10 00:35:58,0.15470730144726122,0.1489120940943956
798,2003.11.10.00.45.58,2003-11-10 00:45:58,0.15372936313484079,0.14891462299386937
799,2003.11.10.00.55.58,2003-11-10 00:55:58,0.15434441609367303,0.14789001171954194
800,2003.11.10.01.05.58,2003-11-10 01:05:58,0.1546858689939267,0.14914014487219732
801,2003.11.10.01.15.58,2003-11-10 01:15:58,0.15349681643685645,0.1486330700145601
802,2003.11.10.01.25.58,2003-11-10 01:25:58,0.15565141844037272,0.14827659733216922
803,2003.11.10.01.35.58,2003-11-10 01:35:58,0.15522353211377132,0.14935292952799337
804,2003.11.10.01.45.58,2003-11-10 01:45:58,0.15493334457038493,0.1481708656245278
805,2003.11.10.01.55.58,2003-11-10 01:55:58,0.1555383672648207,0.14931742647010846
806,2003.11.10.02.05.58,2003-11-10 02:05:58,0.15544905638458978,0.14804256309683797
807,2003.11.10.02.15.58,2003-11-10 02:15:58,0.1546510539450932,0.1483079162995333
808,2003.11.10.02.25.58,2003-11-10 02:25:58,0.1539745346614782,0.14860765001364543
809,2003.11.10.02.35.58,2003-11-10 02:35:58,0.15402657542612574,0.14851885221375308
810,2003.11.10.02.45.58,2003-11-10 02:45:58,0.1540351367053756,0.14774759178716332
811,2003.11.10.02.55.58,2003-11-10 02:55:58,0.15323299651414224,0.14783052512981293
812,2003.11.10.03.05.58,2003-11-10 03:05:58,0.15263807961845358,0.14741561029349343
813,2003.11.10.03.15.58,2003-11-10 03:15:58,0.15306007169368174,0.14733629802868292
814,2003.11.10.03.25.58,2003-11-10 03:25:58,0.15479382535857375,0.148997707682136
815,2003.11.10.03.35.58,2003-11-10 03:35:58,0.1534831142419969,0.14759107060081159
816,2003.11.10.03.45.58,2003-11-10 03:45:58,0.15357311391763656,0.1469752191325548
817,2003.11.10.03.55.58,2003-11-10 03:55:58,0.15366427170437993,0.14728796216537224
818,2003.11.10.04.05.58,2003-11-10 04:05:58,0.1550574159661309,0.14787564454635524
819,2003.11.10.04.15.58,2003-11-10 04:15:58,0.15562798691912713,0.14863821232799626
820,2003.11.10.04.25.58,2003-11-10 04:25:58,0.15427217191491066,0.14815551867832583
821,2003.11.10.04.35.58,2003-11-10 04:35:58,0.15477930703656334,0.14799947839593472
822,2003.11.10.04.45.58,2003-11-10 04:45:58,0.15473445120794851,0.14842264399342844
823,2003.11.10.04.55.58,2003-11-10 04:55:58,0.15376804486333873,0.14855656326879124
824,2003.11.10.05.05.58,2003-11-10 05:05:58,0.15361472135569396,0.147840614728434
825,2003.11.10.05.15.58,2003-11-10 05:15:58,0.1548175140172596,0.14776588704111268
826,2003.11.10.05.25.58,2003-11-10 05:25:58,0.15499823193926077,0.1476575825006013
827,2003.11.10.05.35.58,2003-11-10 05:35:58,0.15317209304534107,0.14809364515189366
828,2003.11.10.05.45.58,2003-11-10 05:45:58,0.15496203557872854,0.14793963299185794
829,2003.11.10.05.55.58,2003-11-10 05:55:58,0.15575057386656918,0.1487428431839243
830,2003.11.10.06.05.58,2003-11-10 06:05:58,0.1538845977789647,0.1469827575120952
831,2003.11.10.06.15.58,2003-11-10 06:15:58,0.1530035454233312,0.1475456821473014
832,2003.11.10.06.25.58,2003-11-10 06:25:58,0.15456529074007042,0.1479203628316074
833,2003.11.10.06.35.58,2003-11-10 06:35:58,0.15593515153542192,0.1485521563763465
834,2003.11.10.06.45.58,2003-11-10 06:45:58,0.15425310787489016,0.14842263543994058
835,2003.11.10.06.55.58,2003-11-10 06:55:58,0.15581548614517188,0.1492332828328792
836,2003.11.10.07.05.58,2003-11-10 07:05:58,0.15433055360294223,0.1471442858868146
837,2003.11.10.07.15.58,2003-11-10 07:15:58,0.15379993536145423,0.14853933151799392
838,2003.11.10.07.25.58,2003-11-10 07:25:58,0.1558608088906473,0.14884915041772367
839,2003.11.10.07.35.58,2003-11-10 07:35:58,0.15342842132000836,0.14708969780109943
840,2003.11.10.07.45.58,2003-11-10 07:45:58,0.1549223728244649,0.14903290062516397
841,2003.11.10.07.55.58,2003-11-10 07:55:58,0.15417241166801293,0.14782572945553998
842,2003.11.10.08.05.58,2003-11-10 08:05:58,0.15430003367020045,0.14839913681889713
843,2003.11.10.08.15.58,2003-11-10 08:15:58,0.15396816727233953,0.1475386355318815
844,2003.11.10.08.25.58,2003-11-10 08:25:58,0.15480134525946673,0.14947139917028232
845,2003.11.10.08.35.58,2003-11-10 08:35:58,0.15437054760153207,0.14888601269222917
846,2003.11.10.08.45.58,2003-11-10 08:45:58,0.1553332506258721,0.14815563633599974
847,2003.11.10.08.55.58,2003-11-10 08:55:58,0.1556539876366407,0.14895160527127804
848,2003.11.10.09.05.58,2003-11-10 09:05:58,0.15457272051605475,0.1476949206967165
849,2003.11.10.09.15.58,2003-11-10 09:15:58,0.15544665358049686,0.14955012011942476
850,2003.11.10.09.25.58,2003-11-10 09:25:58,0.15581457454495393,0.14906066315037017
851,2003.11.10.09.35.58,2003-11-10 09:35:58,0.1556927425351773,0.1487731386283954
852,2003.11.10.09.45.58,2003-11-10 09:45:58,0.1568107002188467,0.14991381817851007
853,2003.11.10.09.55.58,2003-11-10 09:55:58,0.15632519190776642,0.15065474793769984
854,2003.11.10.10.05.58,2003-11-10 10:05:58,0.15617344483953371,0.14963472272216977
855,2003.11.10.10.15.58,2003-11-10 10:15:58,0.15570832592919326,0.14833148286386727
856,2003.11.10.10.25.58,2003-11-10 10:25:58,0.1544293704861546,0.14858362035005113
857,2003.11.10.10.35.58,2003-11-10 10:35:58,0.15517005854968444,0.14822547554844445
858,2003.11.10.10.45.58,2003-11-10 10:45:58,0.15593729928594297,0.14959701140167372
859,2003.11.10.10.55.58,2003-11-10 10:55:58,0.15460026170084173,0.14807752667521834
860,2003.11.10.11.05.58,2003-11-10 11:05:58,0.15513044095514425,0.1476658594756672
861,2003.11.10.11.15.58,2003-11-10 11:15:58,0.15552638912687375,0.1488629496658021
862,2003.11.10.11.25.58,2003-11-10 11:25:58,0.15534187992361598,0.14839505248343862
863,2003.11.10.11.35.58,2003-11-10 11:35:58,0.1554890349517752,0.14997630753644264
864,2003.11.10.11.45.58,2003-11-10 11:45:58,0.15431128603587904,0.1478191024886394
865,2003.11.10.11.55.58,2003-11-10 11:55:58,0.15493293092799057,0.14801564396838263
866,2003.11.10.12.05.58,2003-11-10 12:05:58,0.15541967551474742,0.14890366799965002
867,2003.11.10.12.15.58,2003-11-10 12:15:58,0.1536957832825225,0.14801319636717575
868,2003.11.10.12.25.58,2003-11-10 12:25:58,0.1541936019896132,0.14874121625851558
869,2003.11.10.12.35.58,2003-11-10 12:35:58,0.15494418318331202,0.14887597705126487
870,2003.11.10.12.45.58,2003-11-10 12:45:58,0.154237642744737,0.14736804048187907
871,2003.11.10.12.55.58,2003-11-10 12:55:58,0.15582863058300614,0.14910350179672802
872,2003.11.10.13.05.58,2003-11-10 13:05:58,0.15507846253111882,0.14850812250907985
873,2003.11.10.13.15.58,2003-11-10 13:15:58,0.15438724220815858,0.14730545383153887
874,2003.11.10.13.25.58,2003-11-10 13:25:58,0.1544371732404981,0.1479738528687163
875,2003.11.10.13.35.58,2003-11-10 13:35:58,0.1541112980527385,0.14892185713067776
876,2003.11.10.13.45.58,2003-11-10 13:45:58,0.15513409868310302,0.14815875571336057
877,2003.11.10.13.55.58,2003-11-10 13:55:58,0.15484440905510602,0.14721686477247606
878,2003.11.10.14.05.58,2003-11-10 14:05:58,0.15535040203394831,0.1497802348442544
879,2003.11.10.14.15.58,2003-11-10 14:15:58,0.15583506514676623,0.14803360395663756
880,2003.11.10.14.25.58,2003-11-10 14:25:58,0.15430531416794677,0.14823504153560488
881,2003.11.10.14.35.58,2003-11-10 14:35:58,0.15567607564216074,0.1483397958052095
882,2003.11.10.14.45.58,2003-11-10 14:45:58,0.1527780636045306,0.14869804288888397
883,2003.11.10.14.55.58,2003-11-10 14:55:58,0.1555247556158665,0.14797677958018235
884,2003.11.10.15.05.58,2003-11-10 15:05:58,0.15272184219680032,0.14756848267864695
885,2003.11.10.15.15.58,2003-11-10 15:15:58,0.15395607553246923,0.14763038430856215
886,2003.11.10.15.25.58,2003-11-10 15:25:58,0.15336795346613524,0.14772860264370777
887,2003.11.10.15.35.58,2003-11-10 15:35:58,0.155337444551169,0.1481222548862193
888,2003.11.10.15.45.58,2003-11-10 15:45:58,0.15451897448715643,0.14806456589551778
889,2003.11.10.15.55.58,2003-11-10 15:55:58,0.15339832684774465,0.14654840817115689
890,2003.11.10.16.05.58,2003-11-10 16:05:58,0.15313167029476832,0.14786078954860718
891,2003.11.10.16.15.58,2003-11-10 16:15:58,0.15357671844151907,0.14772552425893817
892,2003.11.10.16.25.58,2003-11-10 16:25:58,0.15320819853914272,0.14717217260294785
893,2003.11.14.11.02.17,2003-11-14 11:02:17,0.1527716580134794,0.1461298710359534
894,2003.11.14.11.12.17,2003-11-14 11:12:17,0.15332003172744993,0.1481498467755177
895,2003.11.14.11.22.17,2003-11-14 11:22:17,0.1532481191896209,0.14790611448203173
896,2003.11.14.11.32.17,2003-11-14 11:32:17,0.1534681407160579,0.14858214383564694
897,2003.11.14.11.42.17,2003-11-14 11:42:17,0.15350870165686048,0.14798432913630374
898,2003.11.14.11.52.17,2003-11-14 11:52:17,0.15349913015709366,0.14791091662826142
899,2003.11.14.12.02.17,2003-11-14 12:02:17,0.1531212622311664,0.14774401921852454
900,2003.11.14.12.12.17,2003-11-14 12:12:17,0.1541358499957302,0.14731334886528868
901,2003.11.14.12.22.17,2003-11-14 12:22:17,0.15379366583312404,0.14800905799984
902,2003.11.14.12.32.17,2003-11-14 12:32:17,0.1544032971598344,0.1474706464105124
903,2003.11.14.12.42.17,2003-11-14 12:42:17,0.15398471477004624,0.14688602634807751
904,2003.11.14.12.52.17,2003-11-14 12:52:17,0.15409150335514932,0.1484555408444625
905,2003.11.14.13.02.17,2003-11-14 13:02:17,0.15292175478308342,0.1471938170419893
906,2003.11.14.13.12.17,2003-11-14 13:12:17,0.1529290955049206,0.14768667213056158
907,2003.11.14.13.22.17,2003-11-14 13:22:17,0.15388426635507813,0.1478633838157287
908,2003.11.14.13.32.17,2003-11-14 13:32:17,0.15375700901833914,0.14641329808942177
909,2003.11.14.13.42.17,2003-11-14 13:42:17,0.15191507074909694,0.14697938993087814
910,2003.11.14.13.52.17,2003-11-14 13:52:17,0.15278259453028756,0.1470178261672288
911,2003.11.14.14.02.17,2003-11-14 14:02:17,0.1531544072527379,0.14714294741052406
912,2003.11.14.14.12.17,2003-11-14 14:12:17,0.1551501049890879,0.14834376300163205
913,2003.11.14.14.22.17,2003-11-14 14:22:17,0.15257725694197513,0.1468118010639493
914,2003.11.14.14.32.17,2003-11-14 14:32:17,0.1563150195968465,0.15063525234169747
915,2003.11.14.14.42.17,2003-11-14 14:42:17,0.15294613644776017,0.14778123579245014
916,2003.11.14.14.52.17,2003-11-14 14:52:17,0.1535692341192361,0.14823338021432833
917,2003.11.14.15.02.17,2003-11-14 15:02:17,0.15300333671172625,0.1478715104195193
918,2003.11.14.15.12.17,2003-11-14 15:12:17,0.15193164918933325,0.14648672898108595
919,2003.11.14.15.22.17,2003-11-14 15:22:17,0.15383725960054753,0.14753743533157526
920,2003.11.14.15.32.17,2003-11-14 15:32:17,0.1535589805190399,0.1477735108131592
921,2003.11.14.15.42.17,2003-11-14 15:42:17,0.15510676026556072,0.14810147096880907
922,2003.11.14.15.52.17,2003-11-14 15:52:17,0.1535756180485183,0.14758845914055874
923,2003.11.14.16.02.17,2003-11-14 16:02:17,0.15353140424630965,0.14688338423543054
924,2003.11.14.16.12.17,2003-11-14 16:12:17,0.15272138243971234,0.14686475313325054
925,2003.11.14.16.22.17,2003-11-14 16:22:17,0.1525340979105676,0.147586949180337
926,2003.11.14.16.32.17,2003-11-14 16:32:17,0.15269241543203366,0.1463386073060737
927,2003.11.14.16.42.17,2003-11-14 16:42:17,0.15213678682125792,0.1471042504418104
928,2003.11.14.16.52.17,2003-11-14 16:52:17,0.15420309776826185,0.1482789750549935
929,2003.11.14.17.02.17,2003-11-14 17:02:17,0.15375035140330778,0.14734230927848127
930,2003.11.14.17.12.17,2003-11-14 17:12:17,0.15236488026537234,0.14697466382557445
931,2003.11.14.17.52.14,2003-11-14 17:52:14,0.15392731280365132,0.14718495005089474
932,2003.11.14.17.58.46,2003-11-14 17:58:46,0.15270634237631758,0.1460087354581161
933,2003.11.14.18.08.46,2003-11-14 18:08:46,0.1529995643759117,0.14676173890974617
934,2003.11.14.18.18.46,2003-11-14 18:18:46,0.15215410840683247,0.14670037641210443
935,2003.11.14.18.28.46,2003-11-14 18:28:46,0.1548594076341909,0.1494255345677551
936,2003.11.14.18.38.46,2003-11-14 18:38:46,0.1519853118224443,0.14759857041408378
937,2003.11.14.18.48.46,2003-11-14 18:48:46,0.15199104603946864,0.14583771397810436
938,2003.11.14.18.58.46,2003-11-14 18:58:46,0.15536187139702062,0.1488309279591695
939,2003.11.14.19.08.46,2003-11-14 19:08:46,0.15405237368470057,0.14800851283979202
940,2003.11.14.19.18.46,2003-11-14 19:18:46,0.15285591455758057,0.14728823897988894
941,2003.11.14.19.28.46,2003-11-14 19:28:46,0.15400347262343836,0.14720103606813117
942,2003.11.14.19.38.46,2003-11-14 19:38:46,0.15263317315339742,0.1463934462784494
943,2003.11.14.19.48.46,2003-11-14 19:48:46,0.15479478271524327,0.1475344803779463
944,2003.11.14.19.58.46,2003-11-14 19:58:46,0.153801619097815,0.14789684399892972
945,2003.11.14.20.08.46,2003-11-14 20:08:46,0.15324654041262237,0.14752127561071487
946,2003.11.14.20.18.46,2003-11-14 20:18:46,0.1519669604883842,0.14692565383181472
947,2003.11.14.20.28.46,2003-11-14 20:28:46,0.1548357824640351,0.14803216104321723
948,2003.11.14.20.38.46,2003-11-14 20:38:46,0.15426872195691113,0.14725059654749706
949,2003.11.14.20.48.46,2003-11-14 20:48:46,0.15376695838259394,0.14629353985972005
950,2003.11.14.20.58.46,2003-11-14 20:58:46,0.15473680243349916,0.1482311478514532
951,2003.11.14.21.08.46,2003-11-14 21:08:46,0.15265781121258995,0.1466298021445611
952,2003.11.14.21.18.46,2003-11-14 21:18:46,0.15395575552152355,0.14817341261197342
953,2003.11.14.21.28.46,2003-11-14 21:28:46,0.15285389521124412,0.1488958682766038
954,2003.11.14.21.38.46,2003-11-14 21:38:46,0.15169147073887138,0.14515224210694053
955,2003.11.14.21.48.46,2003-11-14 21:48:46,0.15220241552934943,0.14672703351216929
956,2003.11.14.21.58.46,2003-11-14 21:58:46,0.15382225261772312,0.14782689197244991
957,2003.11.14.22.08.46,2003-11-14 22:08:46,0.15412050156908474,0.14753891386178639
958,2003.11.14.22.18.46,2003-11-14 22:18:46,0.1534218154852721,0.1479138767709313
959,2003.11.14.22.28.46,2003-11-14 22:28:46,0.15446591752789474,0.14735380267934214
960,2003.11.14.22.38.46,2003-11-14 22:38:46,0.15143798090488025,0.14582236491490255
961,2003.11.14.22.48.46,2003-11-14 22:48:46,0.15234119116440775,0.14712455527757765
962,2003.11.14.22.58.46,2003-11-14 22:58:46,0.1536549639589257,0.1481658969122534
963,2003.11.14.23.08.46,2003-11-14 23:08:46,0.1540753265451675,0.1479257188948118
964,2003.11.14.23.18.46,2003-11-14 23:18:46,0.15281218094930907,0.14861260510631114
965,2003.11.14.23.28.46,2003-11-14 23:28:46,0.15384010348867505,0.14716952451276216
966,2003.11.14.23.38.46,2003-11-14 23:38:46,0.1533279816951333,0.14785956752602916
967,2003.11.14.23.48.46,2003-11-14 23:48:46,0.15285332516393577,0.1473276827135688
968,2003.11.14.23.58.46,2003-11-14 23:58:46,0.15204016337565834,0.14724248740651
969,2003.11.15.00.08.46,2003-11-15 00:08:46,0.1532840334864496,0.14785155750495368
970,2003.11.15.00.18.46,2003-11-15 00:18:46,0.1521525758824222,0.14625290545324432
971,2003.11.15.00.28.46,2003-11-15 00:28:46,0.15450815534579193,0.14931378714388702
972,2003.11.15.00.38.46,2003-11-15 00:38:46,0.15470103839113966,0.1480709202109225
973,2003.11.15.00.48.46,2003-11-15 00:48:46,0.153730994760328,0.1472480743852233
974,2003.11.15.00.58.46,2003-11-15 00:58:46,0.1544432544582516,0.1484292116107035
975,2003.11.15.01.08.46,2003-11-15 01:08:46,0.1514916833590317,0.14465666568718627
976,2003.11.15.01.18.46,2003-11-15 01:18:46,0.15291967915047552,0.14721412511308996
977,2003.11.15.01.28.46,2003-11-15 01:28:46,0.15340997827894662,0.14785455169534434
978,2003.11.15.01.38.46,2003-11-15 01:38:46,0.15142378849012836,0.14652255319147972
979,2003.11.15.01.48.46,2003-11-15 01:48:46,0.1542647137368001,0.14834520239045693
980,2003.11.15.01.58.46,2003-11-15 01:58:46,0.15318408426424399,0.14835874785939066
981,2003.11.15.02.08.46,2003-11-15 02:08:46,0.15353757794688855,0.14745291389594933
982,2003.11.15.02.18.46,2003-11-15 02:18:46,0.15292245788307224,0.14674851518493937
983,2003.11.15.02.28.46,2003-11-15 02:28:46,0.15393629338747572,0.147799004074685
984,2003.11.15.02.38.46,2003-11-15 02:38:46,0.1529284629979713,0.14682318201613717
985,2003.11.15.02.48.46,2003-11-15 02:48:46,0.1517098035789155,0.14479644403464517
986,2003.11.15.02.58.46,2003-11-15 02:58:46,0.15375486844426262,0.14750555885314331
987,2003.11.15.03.08.46,2003-11-15 03:08:46,0.1523522829341076,0.14646218931994232
988,2003.11.15.03.18.46,2003-11-15 03:18:46,0.15459236121015568,0.14838109026833154
989,2003.11.15.03.28.46,2003-11-15 03:28:46,0.15308075221666095,0.1470623014501422
990,2003.11.15.03.38.46,2003-11-15 03:38:46,0.15155544168487278,0.14626055217006995
991,2003.11.15.03.48.46,2003-11-15 03:48:46,0.15324236446108824,0.14681507969875957
992,2003.11.15.03.58.46,2003-11-15 03:58:46,0.15354516255277917,0.14803205977982015
993,2003.11.15.04.08.46,2003-11-15 04:08:46,0.152984443621678,0.14691119517442544
994,2003.11.15.04.18.46,2003-11-15 04:18:46,0.15323400982672916,0.14731970392997545
995,2003.11.15.04.28.46,2003-11-15 04:28:46,0.1527879856359377,0.146895278021719
996,2003.11.15.04.38.46,2003-11-15 04:38:46,0.15350537513491994,0.147849376180995
997,2003.11.15.04.48.46,2003-11-15 04:48:46,0.152866494327209,0.1468438406110063
998,2003.11.15.04.58.46,2003-11-15 04:58:46,0.15434122353166052,0.14665901656110977
999,2003.11.15.05.08.46,2003-11-15 05:08:46,0.15181287020076312,0.14674435679098533
1000,2003.11.15.05.18.46,2003-11-15 05:18:46,0.1533378810396138,0.14712150656961237
1001,2003.11.15.05.28.46,2003-11-15 05:28:46,0.15237795241064034,0.14698647315659907
1002,2003.11.15.05.38.46,2003-11-15 05:38:46,0.15130900176021214,0.14630481461420494
1003,2003.11.15.05.48.46,2003-11-15 05:48:46,0.15223843507236026,0.14566331376349537
1004,2003.11.15.05.58.46,2003-11-15 05:58:46,0.15430282899904776,0.14878297724002654
1005,2003.11.15.06.08.46,2003-11-15 06:08:46,0.15322114456113753,0.14686068248034853
1006,2003.11.15.06.18.46,2003-11-15 06:18:46,0.15191652579804107,0.14608028280174398
1007,2003.11.15.06.28.46,2003-11-15 06:28:46,0.152663798271674,0.1469192880368865
1008,2003.11.15.06.38.46,2003-11-15 06:38:46,0.15183588037849455,0.14655197373580262
1009,2003.11.15.06.48.46,2003-11-15 06:48:46,0.1536006718938755,0.14718101282811372
1010,2003.11.15.06.58.46,2003-11-15 06:58:46,0.15451807562016612,0.14815660840892106
1011,2003.11.15.07.08.46,2003-11-15 07:08:46,0.15292596471362785,0.14690830390369147
1012,2003.11.15.07.18.46,2003-11-15 07:18:46,0.15223601142248874,0.14720303693209338
1013,2003.11.15.07.28.46,2003-11-15 07:28:46,0.1529402064150603,0.14802828874096371
1014,2003.11.15.07.38.46,2003-11-15 07:38:46,0.15188154692679096,0.14546579162539597
1015,2003.11.15.07.48.46,2003-11-15 07:48:46,0.15393361764922608,0.1468985963425855
1016,2003.11.15.07.58.46,2003-11-15 07:58:46,0.15325634370154348,0.14830457140101075
1017,2003.11.15.08.08.46,2003-11-15 08:08:46,0.15237354468260106,0.1469911309505611
1018,2003.11.15.08.18.46,2003-11-15 08:18:46,0.154097042590558,0.14708542190812327
1019,2003.11.15.08.28.46,2003-11-15 08:28:46,0.15439531116382713,0.1486789945089861
1020,2003.11.15.08.38.46,2003-11-15 08:38:46,0.15241309239176887,0.14667826268449127
1021,2003.11.15.08.48.46,2003-11-15 08:48:46,0.15378247005332932,0.1480504565859643
1022,2003.11.15.08.58.46,2003-11-15 08:58:46,0.15493357951877315,0.14826982931519228
1023,2003.11.15.09.08.46,2003-11-15 09:08:46,0.1522619089464454,0.14643173537522527
1024,2003.11.15.09.18.46,2003-11-15 09:18:46,0.15312827451855926,0.146368333370548
1025,2003.11.15.09.28.46,2003-11-15 09:28:46,0.15399193538010156,0.14729813467425726
1026,2003.11.15.09.38.46,2003-11-15 09:38:46,0.1521325953321641,0.14701187372326427
1027,2003.11.15.09.48.46,2003-11-15 09:48:46,0.15201027973951095,0.14656846553024502
1028,2003.11.15.09.58.46,2003-11-15 09:58:46,0.1531248979591497,0.14712797247023804
1029,2003.11.15.10.08.46,2003-11-15 10:08:46,0.15242536788027608,0.14798695076815474
1030,2003.11.15.10.18.46,2003-11-15 10:18:46,0.15221537058710186,0.1461024905473573
1031,2003.11.15.10.28.46,2003-11-15 10:28:46,0.15199939960561934,0.14691982128602918
1032,2003.11.15.10.38.46,2003-11-15 10:38:46,0.1527361189158752,0.14715199180237504
1033,2003.11.15.10.48.46,2003-11-15 10:48:46,0.15262121527350808,0.14687552476634977
1034,2003.11.15.10.58.46,2003-11-15 10:58:46,0.1543761179425614,0.14749591691912187
1035,2003.11.15.11.08.46,2003-11-15 11:08:46,0.1526137061687019,0.14722188972585948
1036,2003.11.15.11.18.46,2003-11-15 11:18:46,0.15181375469067765,0.14593617822608065
1037,2003.11.15.11.28.46,2003-11-15 11:28:46,0.15288353410357833,0.14815497026709482
1038,2003.11.15.11.38.46,2003-11-15 11:38:46,0.1524331566173453,0.14675042256646997
1039,2003.11.15.11.48.46,2003-11-15 11:48:46,0.15199001239287896,0.14594115058335586
1040,2003.11.15.11.58.46,2003-11-15 11:58:46,0.15341147644004874,0.1473519342570598
1041,2003.11.15.12.08.46,2003-11-15 12:08:46,0.15326291588873922,0.14770909520622155
1042,2003.11.15.12.18.46,2003-11-15 12:18:46,0.15195585939056447,0.14585441759786538
1043,2003.11.15.12.28.46,2003-11-15 12:28:46,0.15358167885551366,0.14890433629410363
1044,2003.11.15.12.38.46,2003-11-15 12:38:46,0.15273849482934673,0.14702659729620352
1045,2003.11.15.12.48.46,2003-11-15 12:48:46,0.15369544668607216,0.14766496931927525
1046,2003.11.15.12.58.46,2003-11-15 12:58:46,0.15504951987439772,0.14917415171222695
1047,2003.11.15.13.08.46,2003-11-15 13:08:46,0.15278553538937759,0.1476572561142971
1048,2003.11.15.13.18.46,2003-11-15 13:18:46,0.1531510963094331,0.14659067326498385
1049,2003.11.15.13.28.46,2003-11-15 13:28:46,0.1529800624647498,0.1484402739872379
1050,2003.11.15.13.38.46,2003-11-15 13:38:46,0.15316703154001926,0.14700412043810626
1051,2003.11.15.13.48.46,2003-11-15 13:48:46,0.15307698003425024,0.1472519274133725
1052,2003.11.15.13.58.46,2003-11-15 13:58:46,0.15318882996796185,0.14653505423324695
1053,2003.11.15.14.08.46,2003-11-15 14:08:46,0.1524132253440154,0.14595369941542036
1054,2003.11.15.14.18.46,2003-11-15 14:18:46,0.15171117804225484,0.14725919614614694
1055,2003.11.15.14.28.46,2003-11-15 14:28:46,0.15235323896730296,0.14724648466463894
1056,2003.11.15.14.38.46,2003-11-15 14:38:46,0.1530875324058919,0.1472070364223994
1057,2003.11.15.14.48.46,2003-11-15 14:48:46,0.15238737212000417,0.14855741225643415
1058,2003.11.15.14.58.46,2003-11-15 14:58:46,0.15207051763568236,0.14659947811101467
1059,2003.11.15.15.08.46,2003-11-15 15:08:46,0.1565656782985778,0.1519409998375706
1060,2003.11.15.15.18.46,2003-11-15 15:18:46,0.1530525215905781,0.14817432113345205
1061,2003.11.15.15.28.46,2003-11-15 15:28:46,0.15260290953336006,0.14710900922684214
1062,2003.11.15.15.38.46,2003-11-15 15:38:46,0.15263395164038496,0.14784062199449363
1063,2003.11.15.15.48.46,2003-11-15 15:48:46,0.15251271751531492,0.1467223014413091
1064,2003.11.15.15.58.46,2003-11-15 15:58:46,0.15307270647243706,0.14737945136804817
1065,2003.11.15.16.08.46,2003-11-15 16:08:46,0.15270422992156274,0.14648697114366094
1066,2003.11.15.16.18.46,2003-11-15 16:18:46,0.15235954261092208,0.14674189447376643
1067,2003.11.15.16.28.46,2003-11-15 16:28:46,0.1543065561836243,0.1486537899536306
1068,2003.11.15.16.38.46,2003-11-15 16:38:46,0.15164030638168485,0.14686845430892828
1069,2003.11.15.16.48.46,2003-11-15 16:48:46,0.1526224170863036,0.1458147832882202
1070,2003.11.15.16.58.46,2003-11-15 16:58:46,0.15281923090365418,0.14807651154549925
1071,2003.11.15.17.08.46,2003-11-15 17:08:46,0.15115014992472098,0.1446602093592948
1072,2003.11.15.17.18.46,2003-11-15 17:18:46,0.15240617983646118,0.14682759258177386
1073,2003.11.15.17.28.46,2003-11-15 17:28:46,0.1541355587104558,0.14752405557283277
1074,2003.11.15.17.38.46,2003-11-15 17:38:46,0.15216922952444262,0.14707971288848568
1075,2003.11.15.17.48.46,2003-11-15 17:48:46,0.15239777103105667,0.14667533353225032
1076,2003.11.15.17.58.46,2003-11-15 17:58:46,0.15139050663118503,0.14592283702434783
1077,2003.11.15.18.08.46,2003-11-15 18:08:46,0.15267530571316823,0.14676876809819758
1078,2003.11.15.18.18.46,2003-11-15 18:18:46,0.1525513974286105,0.14595847530606737
1079,2003.11.15.18.28.46,2003-11-15 18:28:46,0.15444024067403264,0.14720832157662234
1080,2003.11.15.18.38.46,2003-11-15 18:38:46,0.15211466413505922,0.146500851406709
1081,2003.11.15.18.48.46,2003-11-15 18:48:46,0.151913715808617,0.14597327067635746
1082,2003.11.15.18.58.46,2003-11-15 18:58:46,0.15350094570402897,0.1479331603186892
1083,2003.11.15.19.08.46,2003-11-15 19:08:46,0.15350985342204015,0.1475013112362268
1084,2003.11.15.19.18.46,2003-11-15 19:18:46,0.1528262620017315,0.14726664820599444
1085,2003.11.15.19.28.46,2003-11-15 19:28:46,0.1521376636509575,0.14690389775557777
1086,2003.11.15.19.38.46,2003-11-15 19:38:46,0.15197832181839085,0.1462195359230321
1087,2003.11.15.19.48.46,2003-11-15 19:48:46,0.15260294440992325,0.14674484592205445
1088,2003.11.15.19.58.46,2003-11-15 19:58:46,0.154004158895243,0.14699625148016107
1089,2003.11.15.20.08.46,2003-11-15 20:08:46,0.152990610510243,0.1452951886529734
1090,2003.11.15.20.18.46,2003-11-15 20:18:46,0.1534611846855032,0.1462389742772297
1091,2003.11.15.20.28.46,2003-11-15 20:28:46,0.1533187820385397,0.14678326906078865
1092,2003.11.15.20.38.46,2003-11-15 20:38:46,0.15287300166697806,0.14618767485426695
1093,2003.11.15.20.48.46,2003-11-15 20:48:46,0.1525927716344327,0.1465914152246922
1094,2003.11.15.20.58.46,2003-11-15 20:58:46,0.1530333588978131,0.14822595929784238
1095,2003.11.15.21.08.46,2003-11-15 21:08:46,0.1533130157897459,0.14649636434268598
1096,2003.11.15.21.18.46,2003-11-15 21:18:46,0.1522139833540783,0.1468469793750028
1097,2003.11.15.21.28.46,2003-11-15 21:28:46,0.15322851889875544,0.1465271852443259
1098,2003.11.15.21.38.46,2003-11-15 21:38:46,0.15236341283363436,0.14752874107562694
1099,2003.11.15.21.48.46,2003-11-15 21:48:46,0.15240191069278788,0.14675556929513997
1100,2003.11.15.21.58.46,2003-11-15 21:58:46,0.15262764973257836,0.14768334556286508
1101,2003.11.15.22.08.46,2003-11-15 22:08:46,0.15213771050921063,0.14684858871576703
1102,2003.11.15.22.18.46,2003-11-15 22:18:46,0.15078767230493553,0.14571997808028503
1103,2003.11.15.22.28.46,2003-11-15 22:28:46,0.15316845365581158,0.14702881457201894
1104,2003.11.15.22.38.46,2003-11-15 22:38:46,0.15299421567267463,0.14664029801508563
1105,2003.11.15.22.48.46,2003-11-15 22:48:46,0.1525066022200453,0.14673129588932068
1106,2003.11.15.22.58.46,2003-11-15 22:58:46,0.15252019317510673,0.14687919508636596
1107,2003.11.15.23.08.46,2003-11-15 23:08:46,0.15109298264412174,0.14482986044515303
1108,2003.11.15.23.18.46,2003-11-15 23:18:46,0.15238598757426608,0.14559312452913512
1109,2003.11.15.23.28.46,2003-11-15 23:28:46,0.15316705146439583,0.14713235498289456
1110,2003.11.15.23.38.46,2003-11-15 23:38:46,0.15111809960854086,0.14646100846967128
1111,2003.11.15.23.48.46,2003-11-15 23:48:46,0.15159232035890496,0.14516762805245184
1112,2003.11.15.23.58.46,2003-11-15 23:58:46,0.15318925262282804,0.14770470154135878
1113,2003.11.16.00.08.46,2003-11-16 00:08:46,0.1509213219202517,0.14536922817432857
1114,2003.11.16.00.18.46,2003-11-16 00:18:46,0.1534347982195939,0.14648027327590693
1115,2003.11.16.00.28.46,2003-11-16 00:28:46,0.15365654870827178,0.14822825300945286
1116,2003.11.16.00.38.46,2003-11-16 00:38:46,0.15334531631307247,0.14595898078660877
1117,2003.11.16.00.48.46,2003-11-16 00:48:46,0.1523933757313515,0.14738060398722969
1118,2003.11.16.00.58.46,2003-11-16 00:58:46,0.1522224804190297,0.14583807323026324
1119,2003.11.16.01.08.46,2003-11-16 01:08:46,0.15207970370597412,0.14626379642458093
1120,2003.11.16.01.18.46,2003-11-16 01:18:46,0.15231638600397693,0.14661826048156698
1121,2003.11.16.01.28.46,2003-11-16 01:28:46,0.15208340302153084,0.14743903202362155
1122,2003.11.16.01.38.46,2003-11-16 01:38:46,0.15177604447270737,0.1470333076370368
1123,2003.11.16.01.48.46,2003-11-16 01:48:46,0.15296567843570946,0.14610645182082782
1124,2003.11.16.01.58.46,2003-11-16 01:58:46,0.15311851787938036,0.14661919895413808
1125,2003.11.16.02.08.46,2003-11-16 02:08:46,0.15323828223579813,0.1470911542752168
1126,2003.11.16.02.18.46,2003-11-16 02:18:46,0.15225834160363966,0.14692845004829305
1127,2003.11.16.02.28.46,2003-11-16 02:28:46,0.1549408907895907,0.1490223742180285
1128,2003.11.16.02.38.46,2003-11-16 02:38:46,0.1531673482576023,0.146311512504677
1129,2003.11.16.02.48.46,2003-11-16 02:48:46,0.15361225997951994,0.14633064616754926
1130,2003.11.16.02.58.46,2003-11-16 02:58:46,0.15302034720963176,0.1462234021954399
1131,2003.11.16.03.08.46,2003-11-16 03:08:46,0.15299897189324715,0.1473412947170828
1132,2003.11.16.03.18.46,2003-11-16 03:18:46,0.1541420991123126,0.14715064261189534
1133,2003.11.16.03.28.46,2003-11-16 03:28:46,0.1534466729691866,0.14709532659952823
1134,2003.11.16.03.38.46,2003-11-16 03:38:46,0.1525455800864327,0.14643557420441977
1135,2003.11.16.03.48.46,2003-11-16 03:48:46,0.15465534624786456,0.14849799507406025
1136,2003.11.16.03.58.46,2003-11-16 03:58:46,0.15455077938400416,0.14789632219612706
1137,2003.11.16.04.08.46,2003-11-16 04:08:46,0.154100274432196,0.14724337033436133
1138,2003.11.16.04.18.46,2003-11-16 04:18:46,0.15168923792525213,0.14529916975147777
1139,2003.11.16.04.28.46,2003-11-16 04:28:46,0.15416420625500063,0.14853481218114326
1140,2003.11.16.04.38.46,2003-11-16 04:38:46,0.15189338944737688,0.14594611072696706
1141,2003.11.16.04.48.46,2003-11-16 04:48:46,0.15293802248199473,0.14672040883646906
1142,2003.11.16.04.58.46,2003-11-16 04:58:46,0.15301270675252554,0.14691912900895512
1143,2003.11.16.05.08.46,2003-11-16 05:08:46,0.15406958845254795,0.14718093254323697
1144,2003.11.16.05.18.46,2003-11-16 05:18:46,0.15332642714717756,0.1463658515501481
1145,2003.11.16.05.28.46,2003-11-16 05:28:46,0.15314482923266828,0.14717613925768291
1146,2003.11.16.05.38.46,2003-11-16 05:38:46,0.1525368567782267,0.146196062937274
1147,2003.11.16.05.48.46,2003-11-16 05:48:46,0.15156994231083343,0.14602341171051347
1148,2003.11.16.05.58.46,2003-11-16 05:58:46,0.1541748691687563,0.1490518009132018
1149,2003.11.16.06.08.46,2003-11-16 06:08:46,0.1528321891073466,0.146235998929171
1150,2003.11.16.06.18.46,2003-11-16 06:18:46,0.15306275408946857,0.14670473891433047
1151,2003.11.16.06.28.46,2003-11-16 06:28:46,0.15383283655176647,0.1480130246591495
1152,2003.11.16.06.38.46,2003-11-16 06:38:46,0.15314010591943453,0.14731192292791087
1153,2003.11.16.06.48.46,2003-11-16 06:48:46,0.15208453026426824,0.1454999209688896
1154,2003.11.16.06.58.46,2003-11-16 06:58:46,0.15363875056061907,0.1491628360556216
1155,2003.11.16.07.08.46,2003-11-16 07:08:46,0.1532409189741659,0.14757464742461696
1156,2003.11.16.07.18.46,2003-11-16 07:18:46,0.153155586709184,0.14586108411558923
1157,2003.11.16.07.28.46,2003-11-16 07:28:46,0.1535450445728895,0.14842890106672285
1158,2003.11.16.07.38.46,2003-11-16 07:38:46,0.15136552841832707,0.1459680027009344
1159,2003.11.16.07.48.46,2003-11-16 07:48:46,0.1528779148076579,0.14677344827041267
1160,2003.11.16.07.58.46,2003-11-16 07:58:46,0.152776889383465,0.14724492394290922
1161,2003.11.16.08.08.46,2003-11-16 08:08:46,0.1531008322764772,0.14656769063969427
1162,2003.11.16.08.18.46,2003-11-16 08:18:46,0.15390136397701085,0.14714238709521513
1163,2003.11.16.08.28.46,2003-11-16 08:28:46,0.15264993509840374,0.14752492638957662
1164,2003.11.16.08.38.46,2003-11-16 08:38:46,0.15266351633166975,0.1466892577187509
1165,2003.11.16.08.48.46,2003-11-16 08:48:46,0.1516468742272343,0.14575519612441137
1166,2003.11.16.08.58.46,2003-11-16 08:58:46,0.15341608716422553,0.14701168207992435
1167,2003.11.16.09.08.46,2003-11-16 09:08:46,0.1529454246771949,0.14649212929475938
1168,2003.11.16.09.18.46,2003-11-16 09:18:46,0.1540097366227518,0.14739732953451445
1169,2003.11.16.09.28.46,2003-11-16 09:28:46,0.15348748422102695,0.14790625528206203
1170,2003.11.16.09.38.46,2003-11-16 09:38:46,0.15306356500369586,0.14695546084002162
1171,2003.11.16.09.48.46,2003-11-16 09:48:46,0.15334745735023209,0.1484877768472775
1172,2003.11.16.09.58.46,2003-11-16 09:58:46,0.1539654957350936,0.14912428930965396
1173,2003.11.16.10.08.46,2003-11-16 10:08:46,0.15247465017278283,0.14647571791085373
1174,2003.11.16.10.18.46,2003-11-16 10:18:46,0.15287485595097466,0.14760553973793847
1175,2003.11.16.10.28.46,2003-11-16 10:28:46,0.15265166414555148,0.14726367488761868
1176,2003.11.16.10.38.46,2003-11-16 10:38:46,0.1508512187075294,0.14581539926929013
1177,2003.11.16.10.48.46,2003-11-16 10:48:46,0.1536652497618606,0.14701091467371777
1178,2003.11.16.10.58.46,2003-11-16 10:58:46,0.15376337117924493,0.147992360675676
1179,2003.11.16.11.08.46,2003-11-16 11:08:46,0.15318397222197602,0.14810605314610076
1180,2003.11.16.11.18.46,2003-11-16 11:18:46,0.1529032458383099,0.14710932620817033
1181,2003.11.16.11.28.46,2003-11-16 11:28:46,0.15403439874292285,0.14737936704990712
1182,2003.11.16.11.38.46,2003-11-16 11:38:46,0.15269217703515256,0.1464390848319063
1183,2003.11.16.11.48.46,2003-11-16 11:48:46,0.15177857583988716,0.14755330736931993
1184,2003.11.16.11.58.46,2003-11-16 11:58:46,0.1536076381373681,0.1468229520478555
1185,2003.11.16.12.08.46,2003-11-16 12:08:46,0.1540530030034306,0.14780847923310464
1186,2003.11.16.12.18.46,2003-11-16 12:18:46,0.15316977263170065,0.14637570052138094
1187,2003.11.16.12.28.46,2003-11-16 12:28:46,0.1526287320067371,0.14726616031069817
1188,2003.11.16.12.38.46,2003-11-16 12:38:46,0.15223628549427284,0.14666276787402027
1189,2003.11.16.12.48.46,2003-11-16 12:48:46,0.1528317629091095,0.14672923468261828
1190,2003.11.16.12.58.46,2003-11-16 12:58:46,0.15314819020825057,0.14778150590086744
1191,2003.11.16.13.08.46,2003-11-16 13:08:46,0.15271547309508704,0.14771811766048284
1192,2003.11.16.13.18.46,2003-11-16 13:18:46,0.1537339273230091,0.14854438996816954
1193,2003.11.16.13.28.46,2003-11-16 13:28:46,0.15323791627523195,0.1473977853595713
1194,2003.11.16.13.38.46,2003-11-16 13:38:46,0.1531445108743291,0.14558459689649736
1195,2003.11.16.13.48.46,2003-11-16 13:48:46,0.15199882876296283,0.14693470678039489
1196,2003.11.16.13.58.46,2003-11-16 13:58:46,0.1536560820557858,0.14813647634866978
1197,2003.11.16.14.08.46,2003-11-16 14:08:46,0.152253534666225,0.14622943281530013
1198,2003.11.16.14.18.46,2003-11-16 14:18:46,0.1522011882640355,0.14750692614829566
1199,2003.11.16.14.28.46,2003-11-16 14:28:46,0.15339761908522448,0.1481712325660965
1200,2003.11.16.14.38.46,2003-11-16 14:38:46,0.1525930412255708,0.14763347063044555
1201,2003.11.16.14.48.46,2003-11-16 14:48:46,0.15265581003646939,0.14736834945103333
1202,2003.11.16.14.58.46,2003-11-16 14:58:46,0.1528415603758513,0.1473506226856859
1203,2003.11.16.15.08.46,2003-11-16 15:08:46,0.154999657415196,0.1487012336356549
1204,2003.11.16.15.18.46,2003-11-16 15:18:46,0.15259066656724946,0.14703361963419923
1205,2003.11.16.15.28.46,2003-11-16 15:28:46,0.1545555167688034,0.1471705785788
1206,2003.11.16.15.38.46,2003-11-16 15:38:46,0.15315310073787278,0.14702710010084025
1207,2003.11.16.15.48.46,2003-11-16 15:48:46,0.15391840021836653,0.14671763760893533
1208,2003.11.16.15.58.46,2003-11-16 15:58:46,0.15212701152891536,0.1466124280295991
1209,2003.11.16.16.08.46,2003-11-16 16:08:46,0.15226415613067804,0.14647501486761744
1210,2003.11.16.16.18.46,2003-11-16 16:18:46,0.1528504967778462,0.1463761495204649
1211,2003.11.16.16.28.46,2003-11-16 16:28:46,0.15340234099470662,0.148370579651931
1212,2003.11.16.16.38.46,2003-11-16 16:38:46,0.15170390101768766,0.14702751688937774
1213,2003.11.16.16.48.46,2003-11-16 16:48:46,0.15190693562126698,0.14658540865737626
1214,2003.11.16.16.58.46,2003-11-16 16:58:46,0.15292917867891087,0.14794111377345803
1215,2003.11.16.17.08.46,2003-11-16 17:08:46,0.1512667194400548,0.14737501772556086
1216,2003.11.16.17.18.46,2003-11-16 17:18:46,0.1516153200485937,0.14616924620164204
1217,2003.11.16.17.28.46,2003-11-16 17:28:46,0.15271668519680487,0.1470995879312082
1218,2003.11.16.17.38.46,2003-11-16 17:38:46,0.15315263956543282,0.1471008242337016
1219,2003.11.16.17.48.46,2003-11-16 17:48:46,0.15365564193620787,0.14631424770688345
1220,2003.11.16.17.58.46,2003-11-16 17:58:46,0.15261884345307142,0.14736728801916998
1221,2003.11.16.18.08.46,2003-11-16 18:08:46,0.15301611418792427,0.14762045415974076
1222,2003.11.16.18.18.46,2003-11-16 18:18:46,0.15271287220758642,0.14711834445571573
1223,2003.11.16.18.28.46,2003-11-16 18:28:46,0.15449182478623666,0.14836604546615653
1224,2003.11.16.18.38.46,2003-11-16 18:38:46,0.15353450233808402,0.14745988579922975
1225,2003.11.16.18.48.46,2003-11-16 18:48:46,0.15332588624422858,0.14759318031331936
1226,2003.11.16.18.58.46,2003-11-16 18:58:46,0.15413014314335347,0.1476856177805366
1227,2003.11.16.19.08.46,2003-11-16 19:08:46,0.15350082848539653,0.14736020603360198
1228,2003.11.16.19.18.46,2003-11-16 19:18:46,0.15537048920569063,0.14800196449419387
1229,2003.11.16.19.28.46,2003-11-16 19:28:46,0.15352256027591474,0.14754150435661317
1230,2003.11.16.19.38.46,2003-11-16 19:38:46,0.15228891785666193,0.14607998782104575
1231,2003.11.16.19.48.46,2003-11-16 19:48:46,0.15229517142142507,0.14674006900489894
1232,2003.11.16.19.58.46,2003-11-16 19:58:46,0.15354356790857035,0.14694857582007007
1233,2003.11.16.20.08.46,2003-11-16 20:08:46,0.15383095556689816,0.14680412734879297
1234,2003.11.16.20.18.46,2003-11-16 20:18:46,0.15056259761568028,0.14651683690311415
1235,2003.11.16.20.28.46,2003-11-16 20:28:46,0.15187062381169417,0.14715391054495247
1236,2003.11.17.10.18.56,2003-11-17 10:18:56,0.15169659499670304,0.14562640087845508
1237,2003.11.17.10.22.30,2003-11-17 10:22:30,0.15473428238283607,0.14828947981640084
1238,2003.11.17.10.32.30,2003-11-17 10:32:30,0.1554198112359212,0.15022376035044563
1239,2003.11.17.10.42.30,2003-11-17 10:42:30,0.15543826585557208,0.1496822740149844
1240,2003.11.17.10.52.30,2003-11-17 10:52:30,0.15283592611850133,0.14852997892234374
1241,2003.11.17.11.02.30,2003-11-17 11:02:30,0.15295209370502255,0.14912374380626606
1242,2003.11.17.11.12.30,2003-11-17 11:12:30,0.15324266811835158,0.14787021963691252
1243,2003.11.17.11.22.30,2003-11-17 11:22:30,0.15252146189271404,0.14709129336566587
1244,2003.11.17.11.32.30,2003-11-17 11:32:30,0.1519995770900264,0.1456409448419404
1245,2003.11.17.11.42.30,2003-11-17 11:42:30,0.15422775841217348,0.1489104001585874
1246,2003.11.17.11.52.30,2003-11-17 11:52:30,0.15183919202358462,0.1464249987995134
1247,2003.11.17.12.02.30,2003-11-17 12:02:30,0.15364617413450904,0.1468880325002581
1248,2003.11.17.12.12.30,2003-11-17 12:12:30,0.15220000750708343,0.14705733446224512
1249,2003.11.17.12.22.30,2003-11-17 12:22:30,0.15397560318749567,0.1474884118859004
1250,2003.11.17.12.32.30,2003-11-17 12:32:30,0.15195428951995935,0.14665585163354164
1251,2003.11.17.12.42.30,2003-11-17 12:42:30,0.15315768895340148,0.14740879959900208
1252,2003.11.17.12.52.30,2003-11-17 12:52:30,0.1532424616442233,0.14769565512556132
1253,2003.11.17.13.02.30,2003-11-17 13:02:30,0.15364279735701086,0.1477485604308042
1254,2003.11.17.13.12.30,2003-11-17 13:12:30,0.15467601077913432,0.14801882963252092
1255,2003.11.17.13.22.30,2003-11-17 13:22:30,0.15519039371295262,0.14857426922775863
1256,2003.11.17.13.32.30,2003-11-17 13:32:30,0.1544805171398039,0.1496568761080033
1257,2003.11.17.13.42.30,2003-11-17 13:42:30,0.15102875314768294,0.14692446939509854
1258,2003.11.17.13.52.30,2003-11-17 13:52:30,0.15385505287419673,0.14897800294448885
1259,2003.11.17.14.02.30,2003-11-17 14:02:30,0.151444706319718,0.14593695814273067
1260,2003.11.17.14.12.30,2003-11-17 14:12:30,0.15455877108952157,0.1487217255822304
1261,2003.11.17.14.22.30,2003-11-17 14:22:30,0.15538407241714802,0.14848407049058537
1262,2003.11.17.14.32.30,2003-11-17 14:32:30,0.15390555948449158,0.14736630328453654
1263,2003.11.17.14.42.30,2003-11-17 14:42:30,0.15488913956969555,0.1485762065747953
1264,2003.11.17.14.52.30,2003-11-17 14:52:30,0.1525367786720837,0.14776812626755811
1265,2003.11.17.15.02.30,2003-11-17 15:02:30,0.15247816297931607,0.14673599206461754
1266,2003.11.17.15.12.30,2003-11-17 15:12:30,0.1527212072328918,0.14710343671631196
1267,2003.11.17.15.22.30,2003-11-17 15:22:30,0.15243890361694912,0.1470834539696448
1268,2003.11.17.15.32.30,2003-11-17 15:32:30,0.15289194940662956,0.14788729294978534
1269,2003.11.17.15.42.30,2003-11-17 15:42:30,0.15486086623361306,0.1482327876219424
1270,2003.11.17.15.52.30,2003-11-17 15:52:30,0.1553465028170895,0.1481477954176483
1271,2003.11.17.16.02.30,2003-11-17 16:02:30,0.15296214410532064,0.14759544647553496
1272,2003.11.17.16.12.30,2003-11-17 16:12:30,0.15447638624155474,0.14617018922731817
1273,2003.11.17.16.22.30,2003-11-17 16:22:30,0.1541261631583745,0.1480513775700538
1274,2003.11.17.16.32.30,2003-11-17 16:32:30,0.15171528108160984,0.14749634297638112
1275,2003.11.17.16.42.30,2003-11-17 16:42:30,0.15456057055634573,0.14948173406259166
1276,2003.11.17.16.52.30,2003-11-17 16:52:30,0.15350378405352097,0.14796857758041695
1277,2003.11.17.17.02.30,2003-11-17 17:02:30,0.1541048040295954,0.14843761611837564
1278,2003.11.17.17.12.30,2003-11-17 17:12:30,0.15431833885520946,0.14802621953533054
1279,2003.11.17.17.22.30,2003-11-17 17:22:30,0.153411759869986,0.14815702383261314
1280,2003.11.17.17.32.30,2003-11-17 17:32:30,0.15310264824109837,0.14779172340107335
1281,2003.11.17.17.42.30,2003-11-17 17:42:30,0.15261717770188094,0.14827352028061602
1282,2003.11.17.17.52.30,2003-11-17 17:52:30,0.15222676967043894,0.14731533809447891
1283,2003.11.17.18.02.30,2003-11-17 18:02:30,0.15201386992768334,0.14695081254825967
1284,2003.11.17.18.12.30,2003-11-17 18:12:30,0.15398077875049657,0.14823868362953968
1285,2003.11.17.18.22.30,2003-11-17 18:22:30,0.15392455411458889,0.14818016756822378
1286,2003.11.17.18.32.30,2003-11-17 18:32:30,0.15282698087701785,0.14854526893788347
1287,2003.11.17.18.42.30,2003-11-17 18:42:30,0.15411502654267686,0.14879104639823343
1288,2003.11.17.18.52.30,2003-11-17 18:52:30,0.15339411969508887,0.14660030062906163
1289,2003.11.17.19.02.30,2003-11-17 19:02:30,0.1528618362011816,0.14728327579897904
1290,2003.11.17.19.12.30,2003-11-17 19:12:30,0.15351813181795498,0.14845818770311645
1291,2003.11.17.19.22.30,2003-11-17 19:22:30,0.15295348605535075,0.14785065261443936
1292,2003.11.17.19.32.30,2003-11-17 19:32:30,0.15396142031467655,0.14642438271515992
1293,2003.11.17.19.42.30,2003-11-17 19:42:30,0.1545093036109598,0.14799058609999066
1294,2003.11.17.19.52.30,2003-11-17 19:52:30,0.15320256756655345,0.1475100893662659
1295,2003.11.17.20.02.30,2003-11-17 20:02:30,0.15252085154578046,0.1465319282813796
1296,2003.11.17.20.12.30,2003-11-17 20:12:30,0.15415223980568488,0.14876490799769448
1297,2003.11.17.20.22.30,2003-11-17 20:22:30,0.15267725402457427,0.14615905325246278
1298,2003.11.17.20.32.30,2003-11-17 20:32:30,0.15210986357137768,0.14722500699795152
1299,2003.11.17.20.42.30,2003-11-17 20:42:30,0.1530788225971652,0.14790785854423227
1300,2003.11.17.20.52.30,2003-11-17 20:52:30,0.15268774048282333,0.14719565280631802
1301,2003.11.17.21.02.30,2003-11-17 21:02:30,0.15276851472668337,0.14661921943528583
1302,2003.11.17.21.12.30,2003-11-17 21:12:30,0.15328875491311325,0.14863181015595006
1303,2003.11.17.21.22.30,2003-11-17 21:22:30,0.15290053733197362,0.14790875532686953
1304,2003.11.17.21.32.30,2003-11-17 21:32:30,0.15290956001807696,0.147355412946418
1305,2003.11.17.21.42.30,2003-11-17 21:42:30,0.15422865469713304,0.147162596917969
1306,2003.11.17.21.52.30,2003-11-17 21:52:30,0.15313684233543784,0.14706501804049119
1307,2003.11.17.22.02.30,2003-11-17 22:02:30,0.15293366473915046,0.14793220097052695
1308,2003.11.17.22.12.30,2003-11-17 22:12:30,0.15445226921867117,0.1486864440444324
1309,2003.11.17.22.22.30,2003-11-17 22:22:30,0.15265386688902405,0.1476777266127157
1310,2003.11.17.22.32.30,2003-11-17 22:32:30,0.1526718785180636,0.1465840254382171
1311,2003.11.17.22.42.30,2003-11-17 22:42:30,0.15304944612439594,0.14784548208269885
1312,2003.11.17.22.52.30,2003-11-17 22:52:30,0.15298729570289285,0.14716667232549419
1313,2003.11.17.23.02.30,2003-11-17 23:02:30,0.15312424696881166,0.1461455346055987
1314,2003.11.17.23.12.30,2003-11-17 23:12:30,0.15473032882471077,0.14832407097061784
1315,2003.11.17.23.22.30,2003-11-17 23:22:30,0.15459022383283977,0.1476591443168713
1316,2003.11.17.23.32.30,2003-11-17 23:32:30,0.15350148010534376,0.14765417111631787
1317,2003.11.17.23.42.30,2003-11-17 23:42:30,0.15484252017675088,0.1483040439540507
1318,2003.11.17.23.52.30,2003-11-17 23:52:30,0.15473968453730003,0.14753245273286486
1319,2003.11.18.00.02.30,2003-11-18 00:02:30,0.1543672364887442,0.14800146764079106
1320,2003.11.18.00.12.30,2003-11-18 00:12:30,0.15285836335656247,0.14696125426079573
1321,2003.11.18.00.22.30,2003-11-18 00:22:30,0.15304801349117128,0.14717579339061249
1322,2003.11.18.00.32.30,2003-11-18 00:32:30,0.15322547723861069,0.1479183155534563
1323,2003.11.18.00.42.30,2003-11-18 00:42:30,0.15359989401495774,0.14736724428277811
1324,2003.11.18.00.52.30,2003-11-18 00:52:30,0.15324473889827345,0.14741978602123557
1325,2003.11.18.01.02.30,2003-11-18 01:02:30,0.15276054667073113,0.14646318230030117
1326,2003.11.18.01.12.30,2003-11-18 01:12:30,0.1546584844946176,0.1484179342368199
1327,2003.11.18.01.22.30,2003-11-18 01:22:30,0.15075832500593042,0.14640800559246242
1328,2003.11.18.01.32.30,2003-11-18 01:32:30,0.15269055253677083,0.14788261055278357
1329,2003.11.18.01.42.30,2003-11-18 01:42:30,0.15397473460436414,0.14745146414106491
1330,2003.11.18.01.52.30,2003-11-18 01:52:30,0.15333354580629527,0.1465518641196799
1331,2003.11.18.02.02.30,2003-11-18 02:02:30,0.15326300955434827,0.14734750889956116
1332,2003.11.18.02.12.30,2003-11-18 02:12:30,0.15499965836025856,0.14841128222411612
1333,2003.11.18.02.22.30,2003-11-18 02:22:30,0.1541193865246497,0.1477333456138119
1334,2003.11.18.02.32.30,2003-11-18 02:32:30,0.15309953566966042,0.14866000067530355
1335,2003.11.18.02.42.30,2003-11-18 02:42:30,0.15526011676352003,0.1485952364213247
1336,2003.11.18.02.52.30,2003-11-18 02:52:30,0.15263945867862322,0.14721708633107944
1337,2003.11.18.03.02.30,2003-11-18 03:02:30,0.1527457743508188,0.14780451385666896
1338,2003.11.18.03.12.30,2003-11-18 03:12:30,0.15593539327234213,0.1489117930828201
1339,2003.11.18.03.22.30,2003-11-18 03:22:30,0.15306455200365016,0.14716012467690381
1340,2003.11.18.03.32.30,2003-11-18 03:32:30,0.15300804525926898,0.14639196818681474
1341,2003.11.18.03.42.30,2003-11-18 03:42:30,0.1547707351819135,0.1482724933202063
1342,2003.11.18.03.52.30,2003-11-18 03:52:30,0.15390789545440198,0.14817379388191212
1343,2003.11.18.04.02.30,2003-11-18 04:02:30,0.15374159085235362,0.14707418309149722
1344,2003.11.18.04.12.30,2003-11-18 04:12:30,0.15429505441963903,0.1474603018612128
1345,2003.11.18.04.22.30,2003-11-18 04:22:30,0.152519086600149,0.1470651745865481
1346,2003.11.18.04.32.30,2003-11-18 04:32:30,0.1530273532725747,0.14723376827185825
1347,2003.11.18.04.42.30,2003-11-18 04:42:30,0.15423549791912164,0.14833818569061838
1348,2003.11.18.04.52.30,2003-11-18 04:52:30,0.1524684190212128,0.14663531623315332
1349,2003.11.18.05.02.30,2003-11-18 05:02:30,0.15362607842634093,0.146587431581484
1350,2003.11.18.05.12.30,2003-11-18 05:12:30,0.1543712583364877,0.14886704871582354
1351,2003.11.18.05.22.30,2003-11-18 05:22:30,0.1523421940625672,0.1469879778247187
1352,2003.11.18.05.32.30,2003-11-18 05:32:30,0.15313635927254507,0.14679551705731683
1353,2003.11.18.05.42.30,2003-11-18 05:42:30,0.1535574702829123,0.14866385783691047
1354,2003.11.18.05.52.30,2003-11-18 05:52:30,0.15330151815539858,0.14743581876293455
1355,2003.11.18.06.02.30,2003-11-18 06:02:30,0.1557137234538915,0.14896947945987754
1356,2003.11.18.06.12.30,2003-11-18 06:12:30,0.1529760140959094,0.14710301732146125
1357,2003.11.18.06.22.30,2003-11-18 06:22:30,0.15320418440480216,0.14599024776130168
1358,2003.11.18.06.32.30,2003-11-18 06:32:30,0.1525392226711707,0.14629991202257267
1359,2003.11.18.06.42.30,2003-11-18 06:42:30,0.15296680380529054,0.14694653959194437
1360,2003.11.18.06.52.30,2003-11-18 06:52:30,0.15271019437744449,0.14646294176530414
1361,2003.11.18.07.02.30,2003-11-18 07:02:30,0.15262191271959444,0.14775229036005036
1362,2003.11.18.07.12.30,2003-11-18 07:12:30,0.15420917998422223,0.14787849956895568
1363,2003.11.18.07.22.30,2003-11-18 07:22:30,0.15561028529204576,0.1488882129356514
1364,2003.11.18.07.32.30,2003-11-18 07:32:30,0.15437382622276438,0.14758572422864533
1365,2003.11.18.07.42.30,2003-11-18 07:42:30,0.15350560733854318,0.14830771299691395
1366,2003.11.18.07.52.30,2003-11-18 07:52:30,0.15307541145395256,0.14640115786235264
1367,2003.11.18.08.02.30,2003-11-18 08:02:30,0.15440923124398806,0.14790491247678567
1368,2003.11.18.08.12.30,2003-11-18 08:12:30,0.15335969864331617,0.14708643425083429
1369,2003.11.18.08.22.30,2003-11-18 08:22:30,0.15154733767585832,0.14620682372151572
1370,2003.11.18.08.32.30,2003-11-18 08:32:30,0.1546340805804242,0.14693123474653244
1371,2003.11.18.08.42.30,2003-11-18 08:42:30,0.15463081916091306,0.14783297889320063
1372,2003.11.18.08.52.30,2003-11-18 08:52:30,0.1529909799347865,0.14745404127086303
1373,2003.11.18.09.02.30,2003-11-18 09:02:30,0.15390841273861136,0.14767107498328422
1374,2003.11.18.09.12.30,2003-11-18 09:12:30,0.15464950227752916,0.14777380142203406
1375,2003.11.18.09.22.30,2003-11-18 09:22:30,0.15252728687742237,0.14701881157536015
1376,2003.11.18.09.32.30,2003-11-18 09:32:30,0.15437096275085221,0.14788781759089176
1377,2003.11.18.09.42.30,2003-11-18 09:42:30,0.1529901142192793,0.1472049906672452
1378,2003.11.18.09.52.30,2003-11-18 09:52:30,0.15288263232812982,0.14594820139431106
1379,2003.11.18.10.02.30,2003-11-18 10:02:30,0.15283729716367295,0.145468333276793
1380,2003.11.18.10.12.30,2003-11-18 10:12:30,0.15404126153049466,0.1478278665374022
1381,2003.11.18.10.22.30,2003-11-18 10:22:30,0.15336824620928707,0.14685218689186033
1382,2003.11.18.10.32.30,2003-11-18 10:32:30,0.15294785480372877,0.14620883184597852
1383,2003.11.18.10.42.30,2003-11-18 10:42:30,0.1557225099260099,0.14793400281697622
1384,2003.11.18.10.52.30,2003-11-18 10:52:30,0.15251818811236292,0.14720036684073473
1385,2003.11.18.11.02.30,2003-11-18 11:02:30,0.15355497905244517,0.14603252059151928
1386,2003.11.18.11.12.30,2003-11-18 11:12:30,0.15363365326015815,0.14875551476778306
1387,2003.11.18.11.22.30,2003-11-18 11:22:30,0.15274833392094658,0.1470774665009693
1388,2003.11.18.11.32.30,2003-11-18 11:32:30,0.15303025289393352,0.14743757070658542
1389,2003.11.18.11.42.30,2003-11-18 11:42:30,0.1536869630683992,0.14676085641140618
1390,2003.11.18.11.52.30,2003-11-18 11:52:30,0.15367036539675394,0.14645205743502931
1391,2003.11.18.12.02.30,2003-11-18 12:02:30,0.15317682190700802,0.14686726625250562
1392,2003.11.18.12.12.30,2003-11-18 12:12:30,0.15313131938490734,0.1482008500088963
1393,2003.11.18.12.22.30,2003-11-18 12:22:30,0.15283037567993069,0.14665784861556805
1394,2003.11.18.12.32.30,2003-11-18 12:32:30,0.15290608937504338,0.1472667735366353
1395,2003.11.18.12.42.30,2003-11-18 12:42:30,0.15639333082258094,0.1490948574353652
1396,2003.11.18.12.52.30,2003-11-18 12:52:30,0.15427324771630854,0.14719579644213476
1397,2003.11.18.13.02.30,2003-11-18 13:02:30,0.153134352074106,0.14679298857282191
1398,2003.11.18.13.12.30,2003-11-18 13:12:30,0.15443875802553175,0.1474663610343686
1399,2003.11.18.13.22.30,2003-11-18 13:22:30,0.15557687948306298,0.14776285883526982
1400,2003.11.18.13.32.30,2003-11-18 13:32:30,0.15153203785369532,0.14565651214844463
1401,2003.11.18.13.42.30,2003-11-18 13:42:30,0.15317959406235993,0.1467920598598256
1402,2003.11.18.13.52.30,2003-11-18 13:52:30,0.15414310248895952,0.14779315495106876
1403,2003.11.18.14.02.30,2003-11-18 14:02:30,0.1530029082776084,0.14521349012692916
1404,2003.11.18.14.12.30,2003-11-18 14:12:30,0.15509858807057006,0.14678102745086385
1405,2003.11.18.14.22.30,2003-11-18 14:22:30,0.15404106262490327,0.14739988210355062
1406,2003.11.18.14.32.30,2003-11-18 14:32:30,0.15360110946890365,0.1470126921072633
1407,2003.11.18.14.42.30,2003-11-18 14:42:30,0.15399317928914297,0.1485548534461997
1408,2003.11.18.14.52.30,2003-11-18 14:52:30,0.1541110026021727,0.1468702608942881
1409,2003.11.18.15.02.30,2003-11-18 15:02:30,0.1537119104559423,0.1463327395161345
1410,2003.11.18.15.12.30,2003-11-18 15:12:30,0.1548054386257957,0.1485249454597716
1411,2003.11.18.15.22.30,2003-11-18 15:22:30,0.15564644148227016,0.14731420269752082
1412,2003.11.18.15.32.30,2003-11-18 15:32:30,0.15307532501011759,0.14728438955384918
1413,2003.11.18.15.42.30,2003-11-18 15:42:30,0.15593738508262298,0.14819622101077679
1414,2003.11.18.15.52.30,2003-11-18 15:52:30,0.1541329284064266,0.1486851928480628
1415,2003.11.18.16.02.30,2003-11-18 16:02:30,0.1538131687117219,0.14862135833821757
1416,2003.11.18.16.12.30,2003-11-18 16:12:30,0.1553284270945659,0.14872581095997806
1417,2003.11.18.16.22.30,2003-11-18 16:22:30,0.15514116413946002,0.14836198078938553
1418,2003.11.18.16.32.30,2003-11-18 16:32:30,0.15406865717285548,0.1481266720963113
1419,2003.11.18.16.42.30,2003-11-18 16:42:30,0.15530735403949808,0.14776711793419442
1420,2003.11.18.16.52.30,2003-11-18 16:52:30,0.15368962308542702,0.14733890583898104
1421,2003.11.18.17.02.30,2003-11-18 17:02:30,0.1526017632418815,0.14476227195253388
1422,2003.11.18.17.12.30,2003-11-18 17:12:30,0.15401847035009916,0.1480925241297649
1423,2003.11.18.17.22.30,2003-11-18 17:22:30,0.1534575499247471,0.1479176031917242
1424,2003.11.18.17.32.30,2003-11-18 17:32:30,0.152893822143373,0.14716948503075883
1425,2003.11.18.17.42.30,2003-11-18 17:42:30,0.15409481674874118,0.14646212514354182
1426,2003.11.18.17.52.30,2003-11-18 17:52:30,0.15261640024912132,0.14738099144945727
1427,2003.11.18.18.02.30,2003-11-18 18:02:30,0.1524922783969835,0.1475446092500502
1428,2003.11.18.18.12.30,2003-11-18 18:12:30,0.15500947457181852,0.14772235243253853
1429,2003.11.18.18.22.30,2003-11-18 18:22:30,0.15327287088463748,0.14542958790790306
1430,2003.11.18.18.32.30,2003-11-18 18:32:30,0.15423565652643564,0.14740449105904135
1431,2003.11.18.18.42.30,2003-11-18 18:42:30,0.153789138025445,0.1468989586509529
1432,2003.11.18.18.52.30,2003-11-18 18:52:30,0.15389812351641913,0.14721827720286
1433,2003.11.18.19.02.30,2003-11-18 19:02:30,0.1532879394564768,0.1451862753190384
1434,2003.11.18.19.12.30,2003-11-18 19:12:30,0.15372475720118245,0.14708399392704583
1435,2003.11.19.09.06.09,2003-11-19 09:06:09,0.15222439138334976,0.14602698056432714
1436,2003.11.19.09.12.30,2003-11-19 09:12:30,0.1525529710768525,0.1455882128964258
1437,2003.11.19.09.22.30,2003-11-19 09:22:30,0.15316097998842795,0.1471124880180448
1438,2003.11.19.11.04.17,2003-11-19 11:04:17,0.15282810982389253,0.14742045276208496
1439,2003.11.19.11.06.07,2003-11-19 11:06:07,0.1512037353377162,0.14638628682599722
1440,2003.11.19.11.16.07,2003-11-19 11:16:07,0.1535726815089825,0.1470535802649837
1441,2003.11.19.11.26.07,2003-11-19 11:26:07,0.1530187700713237,0.14668263699597764
1442,2003.11.19.11.36.07,2003-11-19 11:36:07,0.1539018801727358,0.14837264685239113
1443,2003.11.19.11.46.07,2003-11-19 11:46:07,0.15172803267174298,0.14639732029864821
1444,2003.11.19.11.56.07,2003-11-19 11:56:07,0.1525882008321847,0.14732527754035882
1445,2003.11.19.12.06.07,2003-11-19 12:06:07,0.1557698069706446,0.14975424285125655
1446,2003.11.19.12.16.07,2003-11-19 12:16:07,0.1528170583420336,0.146259969445195
1447,2003.11.19.12.26.07,2003-11-19 12:26:07,0.15386910481320032,0.14658390785149517
1448,2003.11.19.12.36.07,2003-11-19 12:36:07,0.1530348891427111,0.14747877445929508
1449,2003.11.19.12.46.07,2003-11-19 12:46:07,0.15163101302612247,0.14557438548379442
1450,2003.11.19.12.56.07,2003-11-19 12:56:07,0.154038143675621,0.14625324766025496
1451,2003.11.19.13.06.07,2003-11-19 13:06:07,0.153243800534781,0.14751083630083545
1452,2003.11.19.13.16.07,2003-11-19 13:16:07,0.15325296884868986,0.14597084101210506
1453,2003.11.19.13.26.07,2003-11-19 13:26:07,0.15338627040650918,0.14642884364086195
1454,2003.11.19.13.36.07,2003-11-19 13:36:07,0.15420155742566286,0.147593423803366
1455,2003.11.19.13.46.07,2003-11-19 13:46:07,0.1533050851116614,0.14666606948268573
1456,2003.11.19.13.56.07,2003-11-19 13:56:07,0.15291641134103912,0.14680313451263352
1457,2003.11.19.14.06.07,2003-11-19 14:06:07,0.15399865294028345,0.14737493207960692
1458,2003.11.19.14.16.07,2003-11-19 14:16:07,0.15184623280795856,0.14643397082815177
1459,2003.11.19.14.26.07,2003-11-19 14:26:07,0.1516736871479258,0.14582290267757153
1460,2003.11.19.14.36.07,2003-11-19 14:36:07,0.15338508794885547,0.14804937267022403
1461,2003.11.19.14.46.07,2003-11-19 14:46:07,0.15299737251369303,0.14611527749145964
1462,2003.11.19.14.56.07,2003-11-19 14:56:07,0.1527442279430613,0.14718223501066416
1463,2003.11.19.15.06.07,2003-11-19 15:06:07,0.15463464074760425,0.1486245439963568
1464,2003.11.19.15.16.07,2003-11-19 15:16:07,0.15365486671891085,0.1487033640457257
1465,2003.11.19.15.26.07,2003-11-19 15:26:07,0.1549655105907642,0.14865331137388724
1466,2003.11.19.15.36.07,2003-11-19 15:36:07,0.1559467560504426,0.1489642654886672
1467,2003.11.19.15.46.07,2003-11-19 15:46:07,0.15286667910971066,0.14771242284683184
1468,2003.11.19.15.56.07,2003-11-19 15:56:07,0.1537981352495862,0.14855441218256107
1469,2003.11.19.16.06.07,2003-11-19 16:06:07,0.1550537942185308,0.1502481097465851
1470,2003.11.19.16.16.07,2003-11-19 16:16:07,0.15121838447982275,0.14584332011935788
1471,2003.11.19.16.26.07,2003-11-19 16:26:07,0.15158178839893252,0.1455316447345409
1472,2003.11.19.16.36.07,2003-11-19 16:36:07,0.15350071953719793,0.14757358019735656
1473,2003.11.19.16.46.07,2003-11-19 16:46:07,0.1525315470699832,0.14686028367098394
1474,2003.11.19.16.56.07,2003-11-19 16:56:07,0.15409493478301373,0.14675636748190649
1475,2003.11.19.17.06.07,2003-11-19 17:06:07,0.15375870576851697,0.14754828526409583
1476,2003.11.19.17.16.07,2003-11-19 17:16:07,0.15412227082817842,0.14742055610167845
1477,2003.11.19.17.26.07,2003-11-19 17:26:07,0.15284183543832575,0.14608252346570885
1478,2003.11.19.17.36.07,2003-11-19 17:36:07,0.15402747177223572,0.14807926063983648
1479,2003.11.19.17.46.07,2003-11-19 17:46:07,0.15358654659481694,0.14796169960763916
1480,2003.11.19.17.56.07,2003-11-19 17:56:07,0.15327746714241383,0.1477038904626838
1481,2003.11.19.18.06.07,2003-11-19 18:06:07,0.15355546684011082,0.14690703723066034
1482,2003.11.19.18.16.07,2003-11-19 18:16:07,0.15280582775566431,0.14729746986593575
1483,2003.11.19.18.26.07,2003-11-19 18:26:07,0.15251090845334841,0.1457887069368286
1484,2003.11.19.18.36.07,2003-11-19 18:36:07,0.15290376668098918,0.1474195319766113
1485,2003.11.19.18.46.07,2003-11-19 18:46:07,0.15310374087118186,0.14680194692541973
1486,2003.11.19.18.56.07,2003-11-19 18:56:07,0.15380918893734047,0.14865285742791617
1487,2003.11.19.19.06.07,2003-11-19 19:06:07,0.15303828826728705,0.14830500056761192
1488,2003.11.19.19.16.07,2003-11-19 19:16:07,0.15313497799123166,0.14665617225786348
1489,2003.11.19.19.26.07,2003-11-19 19:26:07,0.15249594304926403,0.14663092785598217
1490,2003.11.19.19.36.07,2003-11-19 19:36:07,0.15330849687751735,0.14793726730811865
1491,2003.11.19.19.46.07,2003-11-19 19:46:07,0.15275759494211735,0.14678097306100124
1492,2003.11.19.19.56.07,2003-11-19 19:56:07,0.15365728419547225,0.14779327421874405
1493,2003.11.19.20.06.07,2003-11-19 20:06:07,0.1533936398297999,0.14720994968788415
1494,2003.11.19.20.16.07,2003-11-19 20:16:07,0.15228189705895775,0.14576048854038343
1495,2003.11.19.20.26.07,2003-11-19 20:26:07,0.15206545269816177,0.14683338157026615
1496,2003.11.19.20.36.07,2003-11-19 20:36:07,0.15186707026623644,0.14711861943205473
1497,2003.11.19.20.46.07,2003-11-19 20:46:07,0.15194363578982586,0.14647966625765205
1498,2003.11.19.20.56.07,2003-11-19 20:56:07,0.15177195337109597,0.1456002129857109
1499,2003.11.19.21.06.07,2003-11-19 21:06:07,0.15327300946248656,0.14649340805481872
1500,2003.11.19.21.16.07,2003-11-19 21:16:07,0.1520962813766127,0.146279219169838
1501,2003.11.19.21.26.07,2003-11-19 21:26:07,0.1514997331371412,0.14539354762645504
1502,2003.11.19.21.36.07,2003-11-19 21:36:07,0.15291731116107937,0.1476095248490824
1503,2003.11.19.21.46.07,2003-11-19 21:46:07,0.1508740428524424,0.1455070515500237
1504,2003.11.19.21.56.07,2003-11-19 21:56:07,0.15151470090339006,0.14523745474814254
1505,2003.11.19.22.06.07,2003-11-19 22:06:07,0.15230253176372555,0.14603954492410823
1506,2003.11.19.22.16.07,2003-11-19 22:16:07,0.1513614446087989,0.144726771803155
1507,2003.11.20.11.50.35,2003-11-20 11:50:35,0.15370628681814508,0.14955098681135473
1508,2003.11.20.11.54.03,2003-11-20 11:54:03,0.1537923218872918,0.14933733687710812
1509,2003.11.20.11.59.03,2003-11-20 11:59:03,0.15488777281621927,0.14919533160476656
1510,2003.11.20.12.04.03,2003-11-20 12:04:03,0.1563249148533472,0.15176773395013637
1511,2003.11.20.12.09.03,2003-11-20 12:09:03,0.15579875920282749,0.15066238011926908
1512,2003.11.20.12.14.03,2003-11-20 12:14:03,0.15691385474998695,0.15001729896993338
1513,2003.11.20.12.19.03,2003-11-20 12:19:03,0.15632167637249242,0.15138555699020423
1514,2003.11.20.12.24.03,2003-11-20 12:24:03,0.1553271110456293,0.15083079707308825
1515,2003.11.20.12.29.03,2003-11-20 12:29:03,0.1553852349492524,0.14952754077165434
1516,2003.11.20.12.34.03,2003-11-20 12:34:03,0.15499021926046255,0.15051808008223008
1517,2003.11.20.12.39.03,2003-11-20 12:39:03,0.15367814838491392,0.14911159929049367
1518,2003.11.20.12.44.03,2003-11-20 12:44:03,0.15514688557465672,0.14973995965532422
1519,2003.11.20.12.49.03,2003-11-20 12:49:03,0.1554310370401955,0.15217435149181063
1520,2003.11.20.12.54.03,2003-11-20 12:54:03,0.15388386401281853,0.1498576207409574
1521,2003.11.20.12.59.03,2003-11-20 12:59:03,0.15548895471724833,0.1502846326168489
1522,2003.11.20.13.04.03,2003-11-20 13:04:03,0.15576332739177168,0.14952970430888682
1523,2003.11.20.13.09.03,2003-11-20 13:09:03,0.15357364282171354,0.14711756847867669
1524,2003.11.20.13.14.03,2003-11-20 13:14:03,0.15519720852887867,0.14989937966328445
1525,2003.11.20.13.19.03,2003-11-20 13:19:03,0.1546795413041003,0.15020269930632488
1526,2003.11.20.13.24.03,2003-11-20 13:24:03,0.15410917127128376,0.14988123700142764
1527,2003.11.20.13.29.03,2003-11-20 13:29:03,0.15502016281408765,0.15034339420686438
1528,2003.11.20.13.34.03,2003-11-20 13:34:03,0.15559760175489531,0.1510691233485416
1529,2003.11.20.13.39.03,2003-11-20 13:39:03,0.15531747681286748,0.1506288820492998
1530,2003.11.20.13.44.03,2003-11-20 13:44:03,0.1564381122328711,0.15164750837674518
1531,2003.11.20.13.49.03,2003-11-20 13:49:03,0.15537815953645961,0.15087761396088967
1532,2003.11.20.13.54.03,2003-11-20 13:54:03,0.1565182645529648,0.15104446342597475
1533,2003.11.20.13.59.03,2003-11-20 13:59:03,0.15414279759619406,0.14880942599066727
1534,2003.11.20.14.04.03,2003-11-20 14:04:03,0.15475564408124182,0.14945600804197787
1535,2003.11.20.14.09.03,2003-11-20 14:09:03,0.15489283231303225,0.14833634217600303
1536,2003.11.20.14.14.03,2003-11-20 14:14:03,0.15484382237006383,0.14964018351193095
1537,2003.11.20.14.19.03,2003-11-20 14:19:03,0.15552057663170932,0.1495365468954726
1538,2003.11.20.14.24.03,2003-11-20 14:24:03,0.15483515175421245,0.15017439845450314
1539,2003.11.20.14.29.03,2003-11-20 14:29:03,0.15487993585758617,0.14973216680908533
1540,2003.11.20.14.34.03,2003-11-20 14:34:03,0.156249436248983,0.14857618324133415
1541,2003.11.20.14.39.03,2003-11-20 14:39:03,0.15532321407335778,0.15167784335249002
1542,2003.11.20.14.44.03,2003-11-20 14:44:03,0.15605690818976903,0.1512950268721679
1543,2003.11.20.14.49.03,2003-11-20 14:49:03,0.15638683961099675,0.15003388354281008
1544,2003.11.20.14.54.03,2003-11-20 14:54:03,0.15540875805461585,0.14842117837898422
1545,2003.11.20.14.59.03,2003-11-20 14:59:03,0.15436006222010196,0.14877385083208086
1546,2003.11.20.15.04.03,2003-11-20 15:04:03,0.15486087963399803,0.14835985633808174
1547,2003.11.20.15.09.03,2003-11-20 15:09:03,0.15406101751949006,0.14770451046636787
1548,2003.11.20.15.14.03,2003-11-20 15:14:03,0.15449007872296566,0.14952682758611832
1549,2003.11.20.15.19.03,2003-11-20 15:19:03,0.1541179795200032,0.14777183819019568
1550,2003.11.20.15.24.03,2003-11-20 15:24:03,0.15440856606237072,0.14902658077451736
1551,2003.11.20.15.29.03,2003-11-20 15:29:03,0.154128561837898,0.1488360322702575
1552,2003.11.20.15.34.03,2003-11-20 15:34:03,0.15426683552523124,0.14749120124047865
1553,2003.11.20.15.39.03,2003-11-20 15:39:03,0.15427372690286575,0.1489375537662513
1554,2003.11.20.15.44.03,2003-11-20 15:44:03,0.15641662131572887,0.1494727025859885
1555,2003.11.20.15.49.03,2003-11-20 15:49:03,0.15541494342138362,0.14878520148738122
1556,2003.11.20.15.54.03,2003-11-20 15:54:03,0.15351601701603892,0.14765984238354846
1557,2003.11.20.15.59.03,2003-11-20 15:59:03,0.15509072036382046,0.15021525164300686
1558,2003.11.20.16.04.03,2003-11-20 16:04:03,0.15438036997239157,0.14976099872223492
1559,2003.11.20.16.09.03,2003-11-20 16:09:03,0.15498267150490366,0.14870126811386605
1560,2003.11.20.16.14.03,2003-11-20 16:14:03,0.15582380436830728,0.14991075567806586
1561,2003.11.20.16.19.03,2003-11-20 16:19:03,0.15393351757181167,0.14765530687529488
1562,2003.11.20.16.24.03,2003-11-20 16:24:03,0.15504144827623917,0.1500144870933825
1563,2003.11.20.16.29.03,2003-11-20 16:29:03,0.1562213869113817,0.1497005785974853
1564,2003.11.20.16.34.03,2003-11-20 16:34:03,0.15392129035012303,0.14811629820167918
1565,2003.11.20.16.39.03,2003-11-20 16:39:03,0.15431274111463544,0.14957462112656764
1566,2003.11.20.16.44.03,2003-11-20 16:44:03,0.15368984198474822,0.14944278665889163
1567,2003.11.20.16.49.03,2003-11-20 16:49:03,0.15484697272125633,0.14960958714084177
1568,2003.11.20.16.54.03,2003-11-20 16:54:03,0.1555030097302179,0.14934986271885428
1569,2003.11.20.16.59.03,2003-11-20 16:59:03,0.1548444858395735,0.14971759369335363
1570,2003.11.20.17.04.03,2003-11-20 17:04:03,0.1543166996757905,0.14794436474091788
1571,2003.11.20.17.09.03,2003-11-20 17:09:03,0.15511335336642723,0.1493779768924079
1572,2003.11.20.17.14.03,2003-11-20 17:14:03,0.1563627068509304,0.15064340120354383
1573,2003.11.20.17.19.03,2003-11-20 17:19:03,0.1552707118078374,0.14888211684684255
1574,2003.11.20.17.24.03,2003-11-20 17:24:03,0.15685353905743965,0.14974957644190934
1575,2003.11.20.17.29.03,2003-11-20 17:29:03,0.15349321449018927,0.14987554684142315
1576,2003.11.20.17.34.03,2003-11-20 17:34:03,0.15408475688622641,0.15004741552021772
1577,2003.11.20.17.39.03,2003-11-20 17:39:03,0.15403798026861548,0.1491455154056769
1578,2003.11.20.17.44.03,2003-11-20 17:44:03,0.15554577818548507,0.1494140936682974
1579,2003.11.20.17.49.03,2003-11-20 17:49:03,0.15468888762003882,0.1492353204150244
1580,2003.11.20.17.54.03,2003-11-20 17:54:03,0.1541971315268016,0.15028879750749888
1581,2003.11.20.17.59.03,2003-11-20 17:59:03,0.15551648733183004,0.1496997320158757
1582,2003.11.20.18.04.03,2003-11-20 18:04:03,0.15466493869561632,0.14918147865676473
1583,2003.11.20.18.09.03,2003-11-20 18:09:03,0.15354039987746304,0.14907013214213974
1584,2003.11.20.18.14.03,2003-11-20 18:14:03,0.15565448625657044,0.15023200531152434
1585,2003.11.20.18.19.03,2003-11-20 18:19:03,0.15571963582178308,0.15024687529248734
1586,2003.11.20.18.24.03,2003-11-20 18:24:03,0.15516845039519753,0.15049360175742313
1587,2003.11.20.18.29.03,2003-11-20 18:29:03,0.1552243026425288,0.1501317120299081
1588,2003.11.20.18.34.03,2003-11-20 18:34:03,0.1557007723730943,0.1492032284139342
1589,2003.11.20.18.39.03,2003-11-20 18:39:03,0.15262992384307786,0.14837917110554552
1590,2003.11.20.18.44.03,2003-11-20 18:44:03,0.15427725191675012,0.14996420357377166
1591,2003.11.20.18.49.03,2003-11-20 18:49:03,0.1560848331724911,0.15003105261260707
1592,2003.11.20.18.54.03,2003-11-20 18:54:03,0.15542563441090163,0.15009173187925984
1593,2003.11.20.18.59.03,2003-11-20 18:59:03,0.1550193706394059,0.14894363430899582
1594,2003.11.20.19.04.03,2003-11-20 19:04:03,0.15518097156399968,0.14940251266633914
1595,2003.11.20.19.09.03,2003-11-20 19:09:03,0.15538835437003676,0.15063294001375496
1596,2003.11.20.19.14.03,2003-11-20 19:14:03,0.15499087438484282,0.14950850434371202
1597,2003.11.20.19.19.03,2003-11-20 19:19:03,0.15697284423786492,0.15030054510021537
1598,2003.11.20.19.24.03,2003-11-20 19:24:03,0.1548007642465893,0.14901675152924293
1599,2003.11.20.19.29.03,2003-11-20 19:29:03,0.15588883744088886,0.15138025625035081
1600,2003.11.20.19.34.03,2003-11-20 19:34:03,0.15520625547406666,0.14980729646522145
1601,2003.11.20.19.39.03,2003-11-20 19:39:03,0.15550855363582497,0.14877181070403173
1602,2003.11.20.19.44.03,2003-11-20 19:44:03,0.15666556939789172,0.15192788736431628
1603,2003.11.20.19.49.03,2003-11-20 19:49:03,0.15504656716058324,0.14941434677260537
1604,2003.11.20.19.54.03,2003-11-20 19:54:03,0.1563250733710147,0.14933455862723344
1605,2003.11.20.19.59.03,2003-11-20 19:59:03,0.15493293486744716,0.1498134539889317
1606,2003.11.20.20.04.03,2003-11-20 20:04:03,0.15447016534729896,0.1486995507608694
1607,2003.11.20.20.09.03,2003-11-20 20:09:03,0.15579687782067994,0.14888406609412153
1608,2003.11.20.20.14.03,2003-11-20 20:14:03,0.15660126048393178,0.14974817076825178
1609,2003.11.20.20.19.03,2003-11-20 20:19:03,0.15601004246396888,0.15018307528984623
1610,2003.11.20.20.24.03,2003-11-20 20:24:03,0.15581993720968845,0.15039509019345304
1611,2003.11.20.20.29.03,2003-11-20 20:29:03,0.15557284972727609,0.14885352047110148
1612,2003.11.20.20.34.03,2003-11-20 20:34:03,0.1557725513180696,0.1494939175902631
1613,2003.11.20.20.39.03,2003-11-20 20:39:03,0.1553138444672693,0.15009559372566328
1614,2003.11.20.23.40.19,2003-11-20 23:40:19,0.15383017821763306,0.14844834187379166
1615,2003.11.20.23.44.03,2003-11-20 23:44:03,0.15539121229149952,0.14887317576023393
1616,2003.11.20.23.54.03,2003-11-20 23:54:03,0.15356722860419106,0.14744387372297807
1617,2003.11.21.00.04.03,2003-11-21 00:04:03,0.15262272085726622,0.14803147776132997
1618,2003.11.21.00.14.03,2003-11-21 00:14:03,0.15430812553920117,0.14804617265664535
1619,2003.11.21.00.24.03,2003-11-21 00:24:03,0.15230936198424203,0.14816606992609258
1620,2003.11.21.00.34.03,2003-11-21 00:34:03,0.15260770898547973,0.14835579527671813
1621,2003.11.21.00.44.03,2003-11-21 00:44:03,0.15383455944516336,0.14827889552925258
1622,2003.11.21.00.54.03,2003-11-21 00:54:03,0.15463491388362743,0.14892750209046765
1623,2003.11.21.01.04.03,2003-11-21 01:04:03,0.15463868500601854,0.14811848136368524
1624,2003.11.21.01.14.03,2003-11-21 01:14:03,0.1549265577015445,0.14791503166276534
1625,2003.11.21.01.24.03,2003-11-21 01:24:03,0.1525240410737558,0.1467242036726026
1626,2003.11.21.01.34.03,2003-11-21 01:34:03,0.1553145161463707,0.1496575142852214
1627,2003.11.21.01.44.03,2003-11-21 01:44:03,0.15534602725397822,0.14920115799441705
1628,2003.11.21.01.54.03,2003-11-21 01:54:03,0.15440179581462532,0.14879960898071104
1629,2003.11.21.02.04.03,2003-11-21 02:04:03,0.15380403061683517,0.14874349595155623
1630,2003.11.21.02.14.03,2003-11-21 02:14:03,0.15312031513879248,0.14853726482929713
1631,2003.11.21.02.24.03,2003-11-21 02:24:03,0.1534946374012379,0.15012590484219404
1632,2003.11.21.02.34.03,2003-11-21 02:34:03,0.1552575284695862,0.14889663072287768
1633,2003.11.21.02.44.03,2003-11-21 02:44:03,0.1545981624913541,0.14996895984174735
1634,2003.11.21.02.54.03,2003-11-21 02:54:03,0.15532299558978502,0.1500820825220007
1635,2003.11.21.03.04.03,2003-11-21 03:04:03,0.15466058777888236,0.14853924062637244
1636,2003.11.21.03.14.03,2003-11-21 03:14:03,0.15584485912980095,0.15012669389135963
1637,2003.11.21.03.24.03,2003-11-21 03:24:03,0.15526432005464502,0.14942589107590465
1638,2003.11.21.03.34.03,2003-11-21 03:34:03,0.15479349146524218,0.14878401232732885
1639,2003.11.21.03.44.03,2003-11-21 03:44:03,0.1554337232841843,0.14966713767427162
1640,2003.11.21.03.54.03,2003-11-21 03:54:03,0.15465723883296734,0.14898408855504713
1641,2003.11.21.04.04.03,2003-11-21 04:04:03,0.1536478595558485,0.14887206060805197
1642,2003.11.21.04.14.03,2003-11-21 04:14:03,0.15351617207281656,0.14991235411404766
1643,2003.11.21.04.24.03,2003-11-21 04:24:03,0.1535135316333099,0.14853986914161926
1644,2003.11.21.04.34.03,2003-11-21 04:34:03,0.1544232632678161,0.14938482087224006
1645,2003.11.21.04.44.03,2003-11-21 04:44:03,0.15334539559948482,0.1480746652676974
1646,2003.11.21.04.54.03,2003-11-21 04:54:03,0.1545249956077596,0.14959620568670642
1647,2003.11.21.05.04.03,2003-11-21 05:04:03,0.15418085717348312,0.14928637636425082
1648,2003.11.21.05.14.03,2003-11-21 05:14:03,0.15506369753417062,0.1483835553293811
1649,2003.11.21.05.24.03,2003-11-21 05:24:03,0.1545510793647605,0.14863727050640343
1650,2003.11.21.05.34.03,2003-11-21 05:34:03,0.1533890149019092,0.14824518742847312
1651,2003.11.21.05.44.03,2003-11-21 05:44:03,0.15390644178287544,0.14863671976631693
1652,2003.11.21.05.54.03,2003-11-21 05:54:03,0.15468123251191868,0.14991169503609034
1653,2003.11.21.06.04.03,2003-11-21 06:04:03,0.15402656227016698,0.1490158791087799
1654,2003.11.21.06.14.03,2003-11-21 06:14:03,0.15353726739938012,0.14921007173717363
1655,2003.11.21.06.24.03,2003-11-21 06:24:03,0.15389054282158432,0.1486261017292534
1656,2003.11.21.06.34.03,2003-11-21 06:34:03,0.154562637263637,0.14809057204730108
1657,2003.11.21.06.44.03,2003-11-21 06:44:03,0.15392950950511203,0.14886763468346637
1658,2003.11.21.06.54.03,2003-11-21 06:54:03,0.15426080480289703,0.14859373767744427
1659,2003.11.21.07.04.03,2003-11-21 07:04:03,0.15438013038666318,0.14877472467180666
1660,2003.11.21.07.14.03,2003-11-21 07:14:03,0.1534733001450802,0.1476633427529282
1661,2003.11.21.07.24.03,2003-11-21 07:24:03,0.15410028156153302,0.14894372118380192
1662,2003.11.21.07.34.03,2003-11-21 07:34:03,0.15435136585280027,0.14841008924545443
1663,2003.11.21.07.44.03,2003-11-21 07:44:03,0.15532575820548689,0.14844762235223322
1664,2003.11.21.07.54.03,2003-11-21 07:54:03,0.1546322679173076,0.14879570398179345
1665,2003.11.21.08.04.03,2003-11-21 08:04:03,0.15432374022448717,0.14896043577333296
1666,2003.11.21.08.14.03,2003-11-21 08:14:03,0.1555168603324291,0.1489345846271002
1667,2003.11.21.10.29.21,2003-11-21 10:29:21,0.1547286717620053,0.14723300401303754
1668,2003.11.21.10.38.36,2003-11-21 10:38:36,0.1536235846532646,0.1483998708883788
1669,2003.11.21.10.48.36,2003-11-21 10:48:36,0.15389787366165306,0.14877562459828347
1670,2003.11.21.10.58.36,2003-11-21 10:58:36,0.15365271264613464,0.14942649511183165
1671,2003.11.21.11.08.36,2003-11-21 11:08:36,0.15368676418083307,0.14817201340550323
1672,2003.11.21.11.18.36,2003-11-21 11:18:36,0.1524220481482871,0.14807966473954146
1673,2003.11.21.11.28.36,2003-11-21 11:28:36,0.1548744143766672,0.14995934914664166
1674,2003.11.21.11.38.36,2003-11-21 11:38:36,0.15406354271959508,0.148875176617496
1675,2003.11.21.11.48.36,2003-11-21 11:48:36,0.1547348480251277,0.1489703256026389
1676,2003.11.21.11.58.36,2003-11-21 11:58:36,0.15400394995441677,0.14882831643688474
1677,2003.11.21.12.08.36,2003-11-21 12:08:36,0.15474146486079815,0.14827891331140952
1678,2003.11.21.12.18.36,2003-11-21 12:18:36,0.15281473333618514,0.14824249230041128
1679,2003.11.21.12.28.36,2003-11-21 12:28:36,0.15424199182134427,0.14873460857871143
1680,2003.11.21.12.38.36,2003-11-21 12:38:36,0.15339134536858454,0.1477005730433831
1681,2003.11.21.12.48.36,2003-11-21 12:48:36,0.15344730779499277,0.1473590457993884
1682,2003.11.21.12.58.36,2003-11-21 12:58:36,0.15181878476724522,0.14849977788940671
1683,2003.11.21.13.08.36,2003-11-21 13:08:36,0.15337582502197625,0.147177513096696
1684,2003.11.21.13.18.36,2003-11-21 13:18:36,0.15360487815740098,0.1487356474496468
1685,2003.11.21.14.58.36,2003-11-21 14:58:36,0.1531115370357097,0.1475344974224249
1686,2003.11.21.15.08.36,2003-11-21 15:08:36,0.15351086029501504,0.14899814877992193
1687,2003.11.21.15.18.36,2003-11-21 15:18:36,0.15491490371354888,0.15008710524277644
1688,2003.11.21.15.28.36,2003-11-21 15:28:36,0.1543153710433098,0.14942124872424437
1689,2003.11.21.16.40.54,2003-11-21 16:40:54,0.1546275824612559,0.14842311130919983
1690,2003.11.21.16.46.56,2003-11-21 16:46:56,0.1564212143191022,0.15049780693610829
1691,2003.11.21.16.56.56,2003-11-21 16:56:56,0.15588512757170542,0.15088405028650104
1692,2003.11.21.17.06.56,2003-11-21 17:06:56,0.1546693720438455,0.1502602821525972
1693,2003.11.21.17.16.56,2003-11-21 17:16:56,0.15555499947390997,0.15000913741700453
1694,2003.11.21.17.26.56,2003-11-21 17:26:56,0.155732880059545,0.1498375844338942
1695,2003.11.21.17.36.56,2003-11-21 17:36:56,0.15358307296943363,0.1482043936094887
1696,2003.11.21.17.46.56,2003-11-21 17:46:56,0.15470649504586095,0.14860260932448957
1697,2003.11.21.17.56.56,2003-11-21 17:56:56,0.15588018203846105,0.15040534035149816
1698,2003.11.21.18.06.56,2003-11-21 18:06:56,0.15491736677126858,0.14730611064845545
1699,2003.11.21.18.16.56,2003-11-21 18:16:56,0.1553017803141677,0.14906820465368154
1700,2003.11.21.18.26.56,2003-11-21 18:26:56,0.15615031835967585,0.14877691474596497
1701,2003.11.21.18.36.56,2003-11-21 18:36:56,0.15459765225264985,0.14885021965259237
1702,2003.11.21.18.46.56,2003-11-21 18:46:56,0.15377973289741403,0.14891286350738392
1703,2003.11.21.18.56.56,2003-11-21 18:56:56,0.1563525675856492,0.14965031929937953
1704,2003.11.21.19.06.56,2003-11-21 19:06:56,0.15419017940770824,0.14714815092386482
1705,2003.11.21.19.16.56,2003-11-21 19:16:56,0.15379181945236473,0.14848793781240702
1706,2003.11.21.19.26.56,2003-11-21 19:26:56,0.15669652306862739,0.14952943964421353
1707,2003.11.21.19.36.56,2003-11-21 19:36:56,0.15553609879170735,0.14918321582793967
1708,2003.11.21.19.46.56,2003-11-21 19:46:56,0.15566466895270825,0.1482380627308233
1709,2003.11.21.19.56.56,2003-11-21 19:56:56,0.15523743281462432,0.15012851070520383
1710,2003.11.21.20.06.56,2003-11-21 20:06:56,0.15434869999908082,0.14778328843883828
1711,2003.11.21.20.16.56,2003-11-21 20:16:56,0.1543953092663035,0.14903092269045626
1712,2003.11.21.20.26.56,2003-11-21 20:26:56,0.15533779079170296,0.1507036701325029
1713,2003.11.21.20.36.56,2003-11-21 20:36:56,0.15530557878818899,0.14908914888886532
1714,2003.11.21.20.46.56,2003-11-21 20:46:56,0.15576598690272936,0.14908701875131936
1715,2003.11.21.20.56.56,2003-11-21 20:56:56,0.15532858159952,0.1495014467099211
1716,2003.11.21.21.06.56,2003-11-21 21:06:56,0.15569961156974269,0.14877689554644397
1717,2003.11.21.21.16.56,2003-11-21 21:16:56,0.15484542396294965,0.1485822596766687
1718,2003.11.21.21.26.56,2003-11-21 21:26:56,0.156707639343191,0.15002454681963714
1719,2003.11.21.21.36.56,2003-11-21 21:36:56,0.1574219882133588,0.14925986606314337
1720,2003.11.21.21.46.56,2003-11-21 21:46:56,0.15672368324737967,0.15021293610030728
1721,2003.11.21.21.56.56,2003-11-21 21:56:56,0.15699696780635805,0.15012674560548414
1722,2003.11.21.22.06.56,2003-11-21 22:06:56,0.156244724910955,0.15029715114591535
1723,2003.11.21.22.16.56,2003-11-21 22:16:56,0.1563529866849767,0.14907148852616403
1724,2003.11.21.22.26.56,2003-11-21 22:26:56,0.15718590782618086,0.149934327257751
1725,2003.11.21.22.36.56,2003-11-21 22:36:56,0.15537136459946538,0.14729026368821446
1726,2003.11.21.22.46.56,2003-11-21 22:46:56,0.15676357752450423,0.1488127967828309
1727,2003.11.21.22.56.56,2003-11-21 22:56:56,0.1563155373492887,0.14975517308338426
1728,2003.11.21.23.06.56,2003-11-21 23:06:56,0.15417204634124462,0.147338453145778
1729,2003.11.21.23.16.56,2003-11-21 23:16:56,0.1548780057971031,0.1477835084874472
1730,2003.11.21.23.26.56,2003-11-21 23:26:56,0.15691448877369285,0.1500675554255691
1731,2003.11.21.23.36.56,2003-11-21 23:36:56,0.1564033563044005,0.14868698507687214
1732,2003.11.21.23.46.56,2003-11-21 23:46:56,0.15558837090897693,0.14953551016005573
1733,2003.11.21.23.56.56,2003-11-21 23:56:56,0.15616371617632568,0.14956438602289734
1734,2003.11.22.00.06.56,2003-11-22 00:06:56,0.15447675116466758,0.1481099570420571
1735,2003.11.22.00.16.56,2003-11-22 00:16:56,0.156480529158932,0.14829274076262342
1736,2003.11.22.00.26.56,2003-11-22 00:26:56,0.15453784980219046,0.1489349719807482
1737,2003.11.22.00.36.56,2003-11-22 00:36:56,0.1554749354925296,0.1487275866123405
1738,2003.11.22.00.46.56,2003-11-22 00:46:56,0.1559081909768434,0.14888510998942273
1739,2003.11.22.00.56.56,2003-11-22 00:56:56,0.15772552878859092,0.14907663094707785
1740,2003.11.22.01.06.56,2003-11-22 01:06:56,0.15804681552767047,0.14921048275527593
1741,2003.11.22.01.16.56,2003-11-22 01:16:56,0.1573660192470785,0.14829702481290505
1742,2003.11.22.01.26.56,2003-11-22 01:26:56,0.15647902886524243,0.14834541683285163
1743,2003.11.22.01.36.56,2003-11-22 01:36:56,0.15615929038840237,0.14845377427234083
1744,2003.11.22.01.46.56,2003-11-22 01:46:56,0.15727608509674754,0.14907824029185354
1745,2003.11.22.01.56.56,2003-11-22 01:56:56,0.15720070024096586,0.14946967449536377
1746,2003.11.22.02.06.56,2003-11-22 02:06:56,0.15620240290670348,0.15010526758718987
1747,2003.11.22.02.16.56,2003-11-22 02:16:56,0.15544297053853465,0.14869054139254917
1748,2003.11.22.02.26.56,2003-11-22 02:26:56,0.1572124750288205,0.14921578122046736
1749,2003.11.22.02.36.56,2003-11-22 02:36:56,0.1554905867202055,0.1473036384956682
1750,2003.11.22.02.46.56,2003-11-22 02:46:56,0.15651810342327419,0.14828776279822664
1751,2003.11.22.02.56.56,2003-11-22 02:56:56,0.1564581221737645,0.14883597649893196
1752,2003.11.22.03.06.56,2003-11-22 03:06:56,0.1572215794629609,0.14996392616356316
1753,2003.11.22.03.16.56,2003-11-22 03:16:56,0.15585997493618872,0.14922316894634902
1754,2003.11.22.03.26.56,2003-11-22 03:26:56,0.15634582467891892,0.14935493392942364
1755,2003.11.22.03.36.56,2003-11-22 03:36:56,0.15449935432965814,0.14774445430978747
1756,2003.11.22.03.46.56,2003-11-22 03:46:56,0.15536618130393998,0.14856598518209005
1757,2003.11.22.03.56.56,2003-11-22 03:56:56,0.15733323326323176,0.15035643052816822
1758,2003.11.22.04.06.56,2003-11-22 04:06:56,0.15753618678413026,0.1499467916696828
1759,2003.11.22.04.16.56,2003-11-22 04:16:56,0.15560883136389622,0.14765145395650106
1760,2003.11.22.04.26.56,2003-11-22 04:26:56,0.15780601549177592,0.14922010339700378
1761,2003.11.22.04.36.56,2003-11-22 04:36:56,0.1565852972736126,0.14863154668482018
1762,2003.11.22.04.46.56,2003-11-22 04:46:56,0.15623512554200158,0.14874993319982743
1763,2003.11.22.04.56.56,2003-11-22 04:56:56,0.15684307537462008,0.15091395132036337
1764,2003.11.22.05.06.56,2003-11-22 05:06:56,0.15550946969884383,0.14919496047276112
1765,2003.11.22.05.16.56,2003-11-22 05:16:56,0.15635470320041744,0.15007717285616756
1766,2003.11.22.05.26.56,2003-11-22 05:26:56,0.15719434254490522,0.14943323916970414
1767,2003.11.22.05.36.56,2003-11-22 05:36:56,0.1566796830980428,0.14780799263080086
1768,2003.11.22.05.46.56,2003-11-22 05:46:56,0.15459766630752994,0.14744815263286193
1769,2003.11.22.05.56.56,2003-11-22 05:56:56,0.156372588160857,0.1498411947448969
1770,2003.11.22.06.06.56,2003-11-22 06:06:56,0.15807806662052892,0.1500682676682099
1771,2003.11.22.06.16.56,2003-11-22 06:16:56,0.15715680133254853,0.14839511368513789
1772,2003.11.22.06.26.56,2003-11-22 06:26:56,0.15679584516353381,0.15040952478644554
1773,2003.11.22.06.36.56,2003-11-22 06:36:56,0.15635972616004337,0.1493402685825645
1774,2003.11.22.06.46.56,2003-11-22 06:46:56,0.1571228290174203,0.14976298722898793
1775,2003.11.22.06.56.56,2003-11-22 06:56:56,0.15807740606612242,0.15045134618327408
1776,2003.11.22.07.06.56,2003-11-22 07:06:56,0.15684948295335363,0.15050884476839102
1777,2003.11.22.07.16.56,2003-11-22 07:16:56,0.1549218433245051,0.1491357352524769
1778,2003.11.22.07.26.56,2003-11-22 07:26:56,0.1585003729108882,0.1508167325478385
1779,2003.11.22.07.36.56,2003-11-22 07:36:56,0.15740741869106542,0.1498296074856264
1780,2003.11.22.07.46.56,2003-11-22 07:46:56,0.15625035109335556,0.14949094072023855
1781,2003.11.22.07.56.56,2003-11-22 07:56:56,0.15877746609715868,0.1511692929366051
1782,2003.11.22.08.06.56,2003-11-22 08:06:56,0.15698842808543048,0.1494264544289368
1783,2003.11.22.08.16.56,2003-11-22 08:16:56,0.15569934296711282,0.1496220105630247
1784,2003.11.22.08.26.56,2003-11-22 08:26:56,0.15615955350968366,0.1496899319674569
1785,2003.11.22.08.36.56,2003-11-22 08:36:56,0.15711332463334787,0.1501898660017026
1786,2003.11.22.08.46.56,2003-11-22 08:46:56,0.1565824204517584,0.14921562725790066
1787,2003.11.22.08.56.56,2003-11-22 08:56:56,0.15730868154384392,0.15032666188483498
1788,2003.11.22.09.06.56,2003-11-22 09:06:56,0.15673973205130734,0.14995373065679501
1789,2003.11.22.09.16.56,2003-11-22 09:16:56,0.15707948746051908,0.14980061357726476
1790,2003.11.22.09.26.56,2003-11-22 09:26:56,0.15719192401826024,0.15053784677132484
1791,2003.11.22.09.36.56,2003-11-22 09:36:56,0.1575112726930699,0.1503248961884308
1792,2003.11.22.09.46.56,2003-11-22 09:46:56,0.15770301105960413,0.15078507718588444
1793,2003.11.22.09.56.56,2003-11-22 09:56:56,0.15828283933061885,0.15122210131386632
1794,2003.11.22.10.06.56,2003-11-22 10:06:56,0.15739615903479426,0.15090088178352992
1795,2003.11.22.10.16.56,2003-11-22 10:16:56,0.15724428320167758,0.15110397118349297
1796,2003.11.22.10.26.56,2003-11-22 10:26:56,0.15819320632487271,0.15065818650228155
1797,2003.11.22.10.36.56,2003-11-22 10:36:56,0.15660096567764797,0.15049393561935684
1798,2003.11.22.10.46.56,2003-11-22 10:46:56,0.15671901810171485,0.1501346295243768
1799,2003.11.22.10.56.56,2003-11-22 10:56:56,0.15788702943085603,0.15007016767035805
1800,2003.11.22.11.06.56,2003-11-22 11:06:56,0.15800953912066512,0.148673144536093
1801,2003.11.22.11.16.56,2003-11-22 11:16:56,0.15573154626456748,0.14865326555234162
1802,2003.11.22.11.26.56,2003-11-22 11:26:56,0.1573274668833688,0.14948533336945843
1803,2003.11.22.11.36.56,2003-11-22 11:36:56,0.15744994166673856,0.14972632406875094
1804,2003.11.22.11.46.56,2003-11-22 11:46:56,0.15589595842585408,0.14981002781387417
1805,2003.11.22.11.56.56,2003-11-22 11:56:56,0.1589030538333928,0.1504141255989194
1806,2003.11.22.12.06.56,2003-11-22 12:06:56,0.15754941948505594,0.149246071288064
1807,2003.11.22.12.16.56,2003-11-22 12:16:56,0.15734352749487743,0.15107156038587102
1808,2003.11.22.12.26.56,2003-11-22 12:26:56,0.15793547312708123,0.14981316472917816
1809,2003.11.22.12.36.56,2003-11-22 12:36:56,0.1580099201420001,0.14935634036173356
1810,2003.11.22.12.46.56,2003-11-22 12:46:56,0.15584814448887419,0.14856098465650183
1811,2003.11.22.12.56.56,2003-11-22 12:56:56,0.15749924261970677,0.14988618533636613
1812,2003.11.22.13.06.56,2003-11-22 13:06:56,0.15776192398105165,0.1498589460490681
1813,2003.11.22.13.16.56,2003-11-22 13:16:56,0.15613092681654636,0.14881922053414548
1814,2003.11.22.13.26.56,2003-11-22 13:26:56,0.15943132858743997,0.15019750782693392
1815,2003.11.22.13.36.56,2003-11-22 13:36:56,0.1561154611402447,0.14838483522978982
1816,2003.11.22.13.46.56,2003-11-22 13:46:56,0.15650744525396187,0.14792443931309576
1817,2003.11.22.13.56.56,2003-11-22 13:56:56,0.15643973074468248,0.14825356762149097
1818,2003.11.22.14.06.56,2003-11-22 14:06:56,0.15582935440831583,0.1493126111866476
1819,2003.11.22.14.16.56,2003-11-22 14:16:56,0.15664980506142115,0.14878515144013027
1820,2003.11.22.14.26.56,2003-11-22 14:26:56,0.15786780621229032,0.1502958361994977
1821,2003.11.22.14.36.56,2003-11-22 14:36:56,0.15739356119444262,0.1494299585089951
1822,2003.11.22.14.46.56,2003-11-22 14:46:56,0.15657981020198813,0.14926515067180993
1823,2003.11.22.14.56.56,2003-11-22 14:56:56,0.15761517970375466,0.14984621120241495
1824,2003.11.22.15.06.56,2003-11-22 15:06:56,0.15546021773069468,0.14777532500281465
1825,2003.11.22.15.16.56,2003-11-22 15:16:56,0.15733041061876357,0.14953101652280623
1826,2003.11.22.15.26.56,2003-11-22 15:26:56,0.1580281311487768,0.15079009818598005
1827,2003.11.22.15.36.56,2003-11-22 15:36:56,0.15578022441989386,0.1478423336370012
1828,2003.11.22.15.46.56,2003-11-22 15:46:56,0.1565526219438691,0.1493112362271235
1829,2003.11.22.15.56.56,2003-11-22 15:56:56,0.1580710816237528,0.1507527396944766
1830,2003.11.22.16.06.56,2003-11-22 16:06:56,0.15635626277256415,0.14923380650478044
1831,2003.11.22.16.16.56,2003-11-22 16:16:56,0.15530980049842114,0.1483472148123386
1832,2003.11.22.16.26.56,2003-11-22 16:26:56,0.15716165589603712,0.1494171138985801
1833,2003.11.22.16.36.56,2003-11-22 16:36:56,0.1550534637192221,0.14886571802115195
1834,2003.11.22.16.46.56,2003-11-22 16:46:56,0.15595568092911044,0.1489504505489997
1835,2003.11.22.16.56.56,2003-11-22 16:56:56,0.15627227341246433,0.1497001593028962
1836,2003.11.22.17.06.56,2003-11-22 17:06:56,0.1564723652093837,0.14931131929080052
1837,2003.11.22.17.16.56,2003-11-22 17:16:56,0.1545294440301447,0.14885775590858752
1838,2003.11.22.17.26.56,2003-11-22 17:26:56,0.15757039442490062,0.1517172562040262
1839,2003.11.22.17.36.56,2003-11-22 17:36:56,0.15421130855273513,0.1485307328914836
1840,2003.11.22.17.46.56,2003-11-22 17:46:56,0.1564032420415055,0.14835171353308704
1841,2003.11.22.17.56.56,2003-11-22 17:56:56,0.1580025529486193,0.15008033477030103
1842,2003.11.22.18.06.56,2003-11-22 18:06:56,0.1557422581593143,0.14825395988334933
1843,2003.11.22.18.16.56,2003-11-22 18:16:56,0.15521399526515603,0.14774650911961085
1844,2003.11.22.18.26.56,2003-11-22 18:26:56,0.1565859667729978,0.14897388744550166
1845,2003.11.22.18.36.56,2003-11-22 18:36:56,0.15575843300805578,0.14925334219457198
1846,2003.11.22.18.46.56,2003-11-22 18:46:56,0.1558703472015083,0.14852502386750774
1847,2003.11.22.18.56.56,2003-11-22 18:56:56,0.1556506261845439,0.14821731415997552
1848,2003.11.22.19.06.56,2003-11-22 19:06:56,0.15507724244081358,0.14910693552835244
1849,2003.11.22.19.16.56,2003-11-22 19:16:56,0.15664070791768378,0.14920107241493147
1850,2003.11.22.19.26.56,2003-11-22 19:26:56,0.15792673912811797,0.15025483626263914
1851,2003.11.22.19.36.56,2003-11-22 19:36:56,0.15737632172796834,0.150838191320824
1852,2003.11.22.19.46.56,2003-11-22 19:46:56,0.15590364659456937,0.1487204645047211
1853,2003.11.22.19.56.56,2003-11-22 19:56:56,0.15524256929806857,0.14920865672670436
1854,2003.11.22.20.06.56,2003-11-22 20:06:56,0.15543823397117623,0.1486014050670135
1855,2003.11.22.20.16.56,2003-11-22 20:16:56,0.15442991353154148,0.1474732324758463
1856,2003.11.22.23.14.58,2003-11-22 23:14:58,0.1559699507504871,0.1495942596802995
1857,2003.11.22.23.16.56,2003-11-22 23:16:56,0.15476849820654517,0.14836830196286455
1858,2003.11.22.23.26.56,2003-11-22 23:26:56,0.1547968002422349,0.1491535006228378
1859,2003.11.22.23.36.56,2003-11-22 23:36:56,0.154180060369767,0.14874685461485396
1860,2003.11.22.23.46.56,2003-11-22 23:46:56,0.15475314784384234,0.14792504353847383
1861,2003.11.22.23.56.56,2003-11-22 23:56:56,0.1559755572610357,0.14905524533577935
1862,2003.11.23.00.06.56,2003-11-23 00:06:56,0.15490070628823405,0.14858459685268524
1863,2003.11.23.00.16.56,2003-11-23 00:16:56,0.15580746425626968,0.14921180857545885
1864,2003.11.23.00.26.56,2003-11-23 00:26:56,0.15543161349805698,0.1481381486450549
1865,2003.11.23.00.36.56,2003-11-23 00:36:56,0.15536463504999698,0.14770535129365236
1866,2003.11.23.00.46.56,2003-11-23 00:46:56,0.15350940620355727,0.14760021754303074
1867,2003.11.23.00.56.56,2003-11-23 00:56:56,0.154567002625985,0.1480811251608599
1868,2003.11.23.01.06.56,2003-11-23 01:06:56,0.1560158736540332,0.14900875439623926
1869,2003.11.23.01.16.56,2003-11-23 01:16:56,0.15770913059505107,0.1502011024973061
1870,2003.11.23.01.26.56,2003-11-23 01:26:56,0.15534293338650781,0.14872774748208134
1871,2003.11.23.01.36.56,2003-11-23 01:36:56,0.15499502480674582,0.1488051168238806
1872,2003.11.23.01.46.56,2003-11-23 01:46:56,0.15578948589688466,0.15022445820104288
1873,2003.11.23.01.56.56,2003-11-23 01:56:56,0.15561922852626334,0.1483994436412983
1874,2003.11.23.02.06.56,2003-11-23 02:06:56,0.15610974220505305,0.14892269600287805
1875,2003.11.23.02.16.56,2003-11-23 02:16:56,0.15715090264192527,0.14945983927024512
1876,2003.11.23.02.26.56,2003-11-23 02:26:56,0.15569500903960842,0.14734821689278896
1877,2003.11.23.02.36.56,2003-11-23 02:36:56,0.15443816031450297,0.1497700605759438
1878,2003.11.23.02.46.56,2003-11-23 02:46:56,0.15627500378064507,0.14960393201587108
1879,2003.11.23.02.56.56,2003-11-23 02:56:56,0.15554186879814308,0.1488922419303009
1880,2003.11.23.03.06.56,2003-11-23 03:06:56,0.15556414049079764,0.1482265698706713
1881,2003.11.23.03.16.56,2003-11-23 03:16:56,0.15817134125169255,0.15035916342991454
1882,2003.11.23.03.26.56,2003-11-23 03:26:56,0.15527097234678355,0.149081641688948
1883,2003.11.23.03.36.56,2003-11-23 03:36:56,0.15465242484282496,0.14869491315194888
1884,2003.11.23.03.46.56,2003-11-23 03:46:56,0.1557868321153841,0.14885498117268994
1885,2003.11.23.03.56.56,2003-11-23 03:56:56,0.15672483771202117,0.14962823542998369
1886,2003.11.23.04.06.56,2003-11-23 04:06:56,0.1548086176718491,0.14785569582234354
1887,2003.11.23.04.16.56,2003-11-23 04:16:56,0.155865345437025,0.14949029709576891
1888,2003.11.23.04.26.56,2003-11-23 04:26:56,0.15604146897239368,0.14939204613119678
1889,2003.11.23.04.36.56,2003-11-23 04:36:56,0.1547721853102266,0.14785737822941067
1890,2003.11.23.04.46.56,2003-11-23 04:46:56,0.15624628151825326,0.14937730565035431
1891,2003.11.23.04.56.56,2003-11-23 04:56:56,0.15722680562869398,0.1494797240117368
1892,2003.11.23.05.06.56,2003-11-23 05:06:56,0.1552695287636953,0.14927458510346797
1893,2003.11.23.05.16.56,2003-11-23 05:16:56,0.15566595956340898,0.14756284810420608
1894,2003.11.23.05.26.56,2003-11-23 05:26:56,0.15490299352286174,0.14723074636699104
1895,2003.11.23.05.36.56,2003-11-23 05:36:56,0.1537605760463122,0.14865667371707536
1896,2003.11.23.05.46.56,2003-11-23 05:46:56,0.1559824942914769,0.15001350394943616
1897,2003.11.23.05.56.56,2003-11-23 05:56:56,0.15359936408864946,0.14731910053625938
1898,2003.11.23.06.06.56,2003-11-23 06:06:56,0.156289295996139,0.14912169258434116
1899,2003.11.23.06.16.56,2003-11-23 06:16:56,0.15602426741210604,0.14930432542896027
1900,2003.11.23.06.26.56,2003-11-23 06:26:56,0.15443668080772216,0.1473796231516165
1901,2003.11.23.06.36.56,2003-11-23 06:36:56,0.1548824078257639,0.1484340308805144
1902,2003.11.23.06.46.56,2003-11-23 06:46:56,0.15589588482155928,0.1488444074098436
1903,2003.11.23.06.56.56,2003-11-23 06:56:56,0.15543298018157214,0.14804671157642696
1904,2003.11.23.07.06.56,2003-11-23 07:06:56,0.15563473394508132,0.14831605541856174
1905,2003.11.23.07.16.56,2003-11-23 07:16:56,0.15628146714392033,0.1490102786211932
1906,2003.11.23.07.26.56,2003-11-23 07:26:56,0.1558382346251835,0.14739107537962567
1907,2003.11.23.07.36.56,2003-11-23 07:36:56,0.1543318906470828,0.14823569686877677
1908,2003.11.23.07.46.56,2003-11-23 07:46:56,0.1564204830874041,0.14915322203217107
1909,2003.11.23.07.56.56,2003-11-23 07:56:56,0.1554093916206683,0.1497315416681218
1910,2003.11.23.08.06.56,2003-11-23 08:06:56,0.15492431746057492,0.14828995364340264
1911,2003.11.23.08.16.56,2003-11-23 08:16:56,0.15634518803681047,0.1491791979649601
1912,2003.11.23.08.26.56,2003-11-23 08:26:56,0.15479782713318765,0.1483767584602517
1913,2003.11.23.08.36.56,2003-11-23 08:36:56,0.15612151451648767,0.14962727177551682
1914,2003.11.23.08.46.56,2003-11-23 08:46:56,0.15598613845667506,0.15087946477445166
1915,2003.11.23.08.56.56,2003-11-23 08:56:56,0.1530431209659552,0.1476722056524708
1916,2003.11.23.09.06.56,2003-11-23 09:06:56,0.1545519878337363,0.1477461312086018
1917,2003.11.23.09.16.56,2003-11-23 09:16:56,0.15519149744398453,0.14944805320066484
1918,2003.11.23.09.26.56,2003-11-23 09:26:56,0.1541649477135306,0.14818868076685843
1919,2003.11.23.09.36.56,2003-11-23 09:36:56,0.15508825124369713,0.14911013848306057
1920,2003.11.23.09.46.56,2003-11-23 09:46:56,0.1570572413191485,0.14934517517367693
1921,2003.11.23.09.56.56,2003-11-23 09:56:56,0.15499851845310086,0.14835892311674204
1922,2003.11.23.10.06.56,2003-11-23 10:06:56,0.1545316972630029,0.14647683480593654
1923,2003.11.23.10.16.56,2003-11-23 10:16:56,0.15587327632241638,0.1497438048136821
1924,2003.11.23.10.26.56,2003-11-23 10:26:56,0.15533326885784157,0.14895779226664554
1925,2003.11.23.10.36.56,2003-11-23 10:36:56,0.1541932685382212,0.1477816740782137
1926,2003.11.23.10.46.56,2003-11-23 10:46:56,0.15548707099963932,0.14906233572449018
1927,2003.11.23.10.56.56,2003-11-23 10:56:56,0.15585604664365968,0.1485589455493488
1928,2003.11.23.11.06.56,2003-11-23 11:06:56,0.15579408124814345,0.14831415467366055
1929,2003.11.23.11.16.56,2003-11-23 11:16:56,0.1556728700848955,0.14883017846352392
1930,2003.11.23.11.26.56,2003-11-23 11:26:56,0.15484203533990093,0.14805458357240034
1931,2003.11.23.11.36.56,2003-11-23 11:36:56,0.15496286853630453,0.1483383194971886
1932,2003.11.23.11.46.56,2003-11-23 11:46:56,0.1549322672069153,0.14971337507963134
1933,2003.11.23.11.56.56,2003-11-23 11:56:56,0.1543861657778758,0.14792365039998254
1934,2003.11.23.12.06.56,2003-11-23 12:06:56,0.15612279337536886,0.1488376115742947
1935,2003.11.23.12.16.56,2003-11-23 12:16:56,0.15560574225099913,0.14956840365881718
1936,2003.11.23.12.26.56,2003-11-23 12:26:56,0.15410716375276615,0.14823258899261366
1937,2003.11.23.12.36.56,2003-11-23 12:36:56,0.15567144763692217,0.14811156485747914
1938,2003.11.23.12.46.56,2003-11-23 12:46:56,0.1559612857610824,0.1483286847864187
1939,2003.11.23.12.56.56,2003-11-23 12:56:56,0.155606954745713,0.14788731771262326
1940,2003.11.23.13.06.56,2003-11-23 13:06:56,0.15397466309428964,0.14671591783741464
1941,2003.11.23.13.16.56,2003-11-23 13:16:56,0.15505873619348856,0.14864557997890696
1942,2003.11.23.13.26.56,2003-11-23 13:26:56,0.15656070560972707,0.1485998401748804
1943,2003.11.23.13.36.56,2003-11-23 13:36:56,0.15478193534700885,0.148428704673637
1944,2003.11.23.13.46.56,2003-11-23 13:46:56,0.15647870293639404,0.1498640000328944
1945,2003.11.23.13.56.56,2003-11-23 13:56:56,0.15489387180723937,0.14880766312750413
1946,2003.11.23.14.06.56,2003-11-23 14:06:56,0.1550922040208562,0.1482459555268815
1947,2003.11.23.14.16.56,2003-11-23 14:16:56,0.15528635044576722,0.14952863944299055
1948,2003.11.23.14.26.56,2003-11-23 14:26:56,0.15564996489644842,0.14962206163572603
1949,2003.11.23.14.36.56,2003-11-23 14:36:56,0.15528103491633324,0.1491454427260099
1950,2003.11.23.14.46.56,2003-11-23 14:46:56,0.15664690838395118,0.14829229954220693
1951,2003.11.23.14.56.56,2003-11-23 14:56:56,0.15460094927142265,0.14863188604343325
1952,2003.11.23.15.06.56,2003-11-23 15:06:56,0.15806270403926137,0.1509155310422543
1953,2003.11.23.15.16.56,2003-11-23 15:16:56,0.15539111818046422,0.15032572755597884
1954,2003.11.23.15.26.56,2003-11-23 15:26:56,0.15483131840232817,0.14854593440719357
1955,2003.11.23.15.36.56,2003-11-23 15:36:56,0.1550435153445336,0.14868114018029488
1956,2003.11.23.15.46.56,2003-11-23 15:46:56,0.15433818070535074,0.14909446689462943
1957,2003.11.23.15.56.56,2003-11-23 15:56:56,0.15489434324196405,0.14871110261515655
1958,2003.11.23.16.06.56,2003-11-23 16:06:56,0.15637340689136534,0.1499650755241137
1959,2003.11.23.16.16.56,2003-11-23 16:16:56,0.15611578704552512,0.14949635042054538
1960,2003.11.23.16.26.56,2003-11-23 16:26:56,0.15648356683515724,0.1496057576259809
1961,2003.11.23.16.36.56,2003-11-23 16:36:56,0.15581745708244832,0.14872258938624622
1962,2003.11.23.16.46.56,2003-11-23 16:46:56,0.15765746344924494,0.15125345118092554
1963,2003.11.23.16.56.56,2003-11-23 16:56:56,0.15506911544987367,0.14888527019702327
1964,2003.11.23.17.06.56,2003-11-23 17:06:56,0.15519190378996298,0.14806824829227822
1965,2003.11.23.17.16.56,2003-11-23 17:16:56,0.15533533392888071,0.14924164696710207
1966,2003.11.23.17.26.56,2003-11-23 17:26:56,0.15650801509527396,0.14913562966359262
1967,2003.11.23.17.36.56,2003-11-23 17:36:56,0.1550672694563254,0.14837291061871352
1968,2003.11.23.20.01.11,2003-11-23 20:01:11,0.1556878393462781,0.14806778117560088
1969,2003.11.23.20.01.24,2003-11-23 20:01:24,0.15472668332644868,0.14870487958011835
1970,2003.11.23.20.11.24,2003-11-23 20:11:24,0.15593297071954307,0.15021542912259173
1971,2003.11.23.20.21.24,2003-11-23 20:21:24,0.15560660675065544,0.14952298974703063
1972,2003.11.23.20.31.24,2003-11-23 20:31:24,0.15531501035446074,0.14794018220133984
1973,2003.11.23.20.41.24,2003-11-23 20:41:24,0.15619465894957804,0.14810789227420074
1974,2003.11.23.20.51.24,2003-11-23 20:51:24,0.15656705363886825,0.14804485305347498
1975,2003.11.23.21.01.24,2003-11-23 21:01:24,0.1545188869549003,0.1480185310928162
1976,2003.11.23.21.11.24,2003-11-23 21:11:24,0.15532544243106552,0.14809813096890986
1977,2003.11.23.21.21.24,2003-11-23 21:21:24,0.1554826416532365,0.14872675386242087
1978,2003.11.23.21.31.24,2003-11-23 21:31:24,0.1545696042203257,0.14836866677063887
1979,2003.11.23.21.41.24,2003-11-23 21:41:24,0.1552999664837174,0.14880312454060524
1980,2003.11.23.21.51.24,2003-11-23 21:51:24,0.15478761911486977,0.1486351480187728
1981,2003.11.23.22.01.24,2003-11-23 22:01:24,0.1569708185957664,0.1500049595534261
1982,2003.11.23.22.11.24,2003-11-23 22:11:24,0.15659250289490434,0.14815095665243358
1983,2003.11.23.22.21.24,2003-11-23 22:21:24,0.1563519834367616,0.14943060353701815
1984,2003.11.23.22.31.24,2003-11-23 22:31:24,0.1555245681832737,0.14845622973939995
1985,2003.11.23.22.41.24,2003-11-23 22:41:24,0.15614855503729252,0.14880895808337405
1986,2003.11.23.22.51.24,2003-11-23 22:51:24,0.15533466469735796,0.1485321537028052
1987,2003.11.23.23.01.24,2003-11-23 23:01:24,0.15523794739850175,0.1494716809246404
1988,2003.11.23.23.11.24,2003-11-23 23:11:24,0.15497697063041738,0.1482860628829038
1989,2003.11.23.23.21.24,2003-11-23 23:21:24,0.15701000089439965,0.14915538412434615
1990,2003.11.23.23.31.24,2003-11-23 23:31:24,0.15673083499640994,0.14966671404480272
1991,2003.11.23.23.41.24,2003-11-23 23:41:24,0.1554022632645174,0.14914829668587193
1992,2003.11.23.23.51.24,2003-11-23 23:51:24,0.15427234662632752,0.14846114137391936
1993,2003.11.24.00.01.24,2003-11-24 00:01:24,0.15395255030086583,0.14816045000374595
1994,2003.11.24.00.11.24,2003-11-24 00:11:24,0.15635275277647417,0.1484583595540661
1995,2003.11.24.00.21.24,2003-11-24 00:21:24,0.15492720442799904,0.1492415890571287
1996,2003.11.24.00.31.24,2003-11-24 00:31:24,0.15471984147388182,0.1468910401813088
1997,2003.11.24.00.41.24,2003-11-24 00:41:24,0.15502411559501195,0.14841327861593534
1998,2003.11.24.00.51.24,2003-11-24 00:51:24,0.1564925564199261,0.14870779124758185
1999,2003.11.24.01.01.24,2003-11-24 01:01:24,0.15484113661391996,0.14840653443460847
2000,2003.11.24.01.11.24,2003-11-24 01:11:24,0.15714969755429456,0.1498194880644913
2001,2003.11.24.01.21.24,2003-11-24 01:21:24,0.1556482903317705,0.1495430234719782
2002,2003.11.24.01.31.24,2003-11-24 01:31:24,0.1554953540365535,0.1487413935272811
2003,2003.11.24.01.41.24,2003-11-24 01:41:24,0.15421897622197187,0.1476440654694911
2004,2003.11.24.01.51.24,2003-11-24 01:51:24,0.15428879029452164,0.14878261016627792
2005,2003.11.24.02.01.24,2003-11-24 02:01:24,0.15658748989682253,0.14960996948315308
2006,2003.11.24.02.11.24,2003-11-24 02:11:24,0.15384017442650708,0.1484827955561582
2007,2003.11.24.02.21.24,2003-11-24 02:21:24,0.1555807373048235,0.1487500710674725
2008,2003.11.24.02.31.24,2003-11-24 02:31:24,0.1550088138560091,0.1484586820412922
2009,2003.11.24.02.41.24,2003-11-24 02:41:24,0.15518281463174732,0.15063728651912098
2010,2003.11.24.02.51.24,2003-11-24 02:51:24,0.15685569135404762,0.15050918719363113
2011,2003.11.24.03.01.24,2003-11-24 03:01:24,0.15559699672752364,0.14922796666562288
2012,2003.11.24.03.11.24,2003-11-24 03:11:24,0.15565284514947036,0.14962742074587299
2013,2003.11.24.03.21.24,2003-11-24 03:21:24,0.15617211527620337,0.15059229757159104
2014,2003.11.24.03.31.24,2003-11-24 03:31:24,0.1553532854835934,0.1488638100263018
2015,2003.11.24.03.41.24,2003-11-24 03:41:24,0.1562662921193639,0.1506197632647771
2016,2003.11.24.03.51.24,2003-11-24 03:51:24,0.15588859860740698,0.14907717285619848
2017,2003.11.24.04.01.24,2003-11-24 04:01:24,0.1569469030312282,0.1500389042973001
2018,2003.11.24.04.11.24,2003-11-24 04:11:24,0.15554288967144642,0.14921967146312345
2019,2003.11.24.04.21.24,2003-11-24 04:21:24,0.15546548567552904,0.1493909239027969
2020,2003.11.24.04.31.24,2003-11-24 04:31:24,0.15655420449579915,0.14928582393034678
2021,2003.11.24.04.41.24,2003-11-24 04:41:24,0.1561026966592726,0.14984661118879408
2022,2003.11.24.04.51.24,2003-11-24 04:51:24,0.1561529866016317,0.14921645302551467
2023,2003.11.24.05.01.24,2003-11-24 05:01:24,0.15445183942939947,0.14864669650166926
2024,2003.11.24.05.11.24,2003-11-24 05:11:24,0.1561877722961812,0.14955279266188495
2025,2003.11.24.05.21.24,2003-11-24 05:21:24,0.15455198609610296,0.1481241088119288
2026,2003.11.24.05.31.24,2003-11-24 05:31:24,0.15627722200368005,0.14998121741128745
2027,2003.11.24.05.41.24,2003-11-24 05:41:24,0.15478775554797003,0.14927956466889356
2028,2003.11.24.05.51.24,2003-11-24 05:51:24,0.15662275334457115,0.14796106385132415
2029,2003.11.24.06.01.24,2003-11-24 06:01:24,0.15521432510805824,0.14885644628823605
2030,2003.11.24.06.11.24,2003-11-24 06:11:24,0.1572404149565344,0.15086434530263854
2031,2003.11.24.06.21.24,2003-11-24 06:21:24,0.15730740891146067,0.1503211534346443
2032,2003.11.24.06.31.24,2003-11-24 06:31:24,0.15602307208691124,0.15028744138836916
2033,2003.11.24.06.41.24,2003-11-24 06:41:24,0.155210525973746,0.14960122872730275
2034,2003.11.24.06.51.24,2003-11-24 06:51:24,0.15525421488717908,0.14905629573042192
2035,2003.11.24.07.01.24,2003-11-24 07:01:24,0.15550265428050175,0.15020805736726267
2036,2003.11.24.08.01.24,2003-11-24 08:01:24,0.15505220517014584,0.14691789998477892
2037,2003.11.24.08.11.24,2003-11-24 08:11:24,0.15566857604027298,0.14854028053496549
2038,2003.11.24.08.21.24,2003-11-24 08:21:24,0.1555455917199701,0.14984723291702995
2039,2003.11.24.08.31.24,2003-11-24 08:31:24,0.15769832611840517,0.1516253159132117
2040,2003.11.24.08.41.24,2003-11-24 08:41:24,0.15679084473954666,0.14990383049954895
2041,2003.11.24.08.51.24,2003-11-24 08:51:24,0.1559645694503342,0.1501375090737134
2042,2003.11.24.09.01.24,2003-11-24 09:01:24,0.15721427067635074,0.15130593732541323
2043,2003.11.24.09.11.24,2003-11-24 09:11:24,0.15650372384122965,0.15048268270126217
2044,2003.11.24.09.21.24,2003-11-24 09:21:24,0.15611460759046542,0.15042799762910866
2045,2003.11.24.10.02.30,2003-11-24 10:02:30,0.15837355819563717,0.15261152636192205
2046,2003.11.24.10.11.24,2003-11-24 10:11:24,0.1562852468057706,0.14939066569265214
2047,2003.11.24.10.21.24,2003-11-24 10:21:24,0.1555921344563648,0.14915213221714893
2048,2003.11.24.10.31.24,2003-11-24 10:31:24,0.15515684777704583,0.1486912779640357
2049,2003.11.24.10.41.24,2003-11-24 10:41:24,0.15595685141074478,0.14931832459730746
2050,2003.11.24.10.51.24,2003-11-24 10:51:24,0.15756933524691993,0.15090940360263547
2051,2003.11.24.12.53.55,2003-11-24 12:53:55,0.15914733509417656,0.15081470062888847
2052,2003.11.24.12.57.32,2003-11-24 12:57:32,0.15680750368809085,0.14828105324670823
2053,2003.11.24.13.07.32,2003-11-24 13:07:32,0.15648560923751903,0.1487570253396142
2054,2003.11.24.13.17.32,2003-11-24 13:17:32,0.1576310299451301,0.14919660421398462
2055,2003.11.24.13.27.32,2003-11-24 13:27:32,0.1583699330471519,0.1501174972755716
2056,2003.11.24.13.37.32,2003-11-24 13:37:32,0.15806953356484055,0.14969891021882265
2057,2003.11.24.13.47.32,2003-11-24 13:47:32,0.1570027290641591,0.15022883131347492
2058,2003.11.24.13.57.32,2003-11-24 13:57:32,0.15645107468320968,0.14928961651638528
2059,2003.11.24.14.07.32,2003-11-24 14:07:32,0.15692337214883736,0.1496405687127909
2060,2003.11.24.14.17.32,2003-11-24 14:17:32,0.15692052066153586,0.14913157597613258
2061,2003.11.24.14.27.32,2003-11-24 14:27:32,0.15658801532355135,0.15014226098989003
2062,2003.11.24.14.37.32,2003-11-24 14:37:32,0.1564656569558976,0.14905856634615763
2063,2003.11.24.14.47.32,2003-11-24 14:47:32,0.15613987634915089,0.14872331299471847
2064,2003.11.24.14.57.32,2003-11-24 14:57:32,0.15580920417442853,0.148697084535033
2065,2003.11.24.15.07.32,2003-11-24 15:07:32,0.15682448483246725,0.1501685527608269
2066,2003.11.24.15.17.32,2003-11-24 15:17:32,0.1571838260629294,0.14941566294077488
2067,2003.11.24.15.27.32,2003-11-24 15:27:32,0.15547433988066367,0.1478488996210003
2068,2003.11.24.15.37.32,2003-11-24 15:37:32,0.15723620642007044,0.14989341085965263
2069,2003.11.24.15.47.32,2003-11-24 15:47:32,0.15756712622745306,0.14999653739493038
2070,2003.11.24.15.57.32,2003-11-24 15:57:32,0.15735372765037614,0.14963167196773342
2071,2003.11.24.16.07.32,2003-11-24 16:07:32,0.15673824218262752,0.14803191646065933
2072,2003.11.24.16.17.32,2003-11-24 16:17:32,0.1575671426515039,0.15030168571415167
2073,2003.11.24.16.27.32,2003-11-24 16:27:32,0.1557467931426479,0.14843723634845007
2074,2003.11.24.16.37.32,2003-11-24 16:37:32,0.15683631510695514,0.14877665103950705
2075,2003.11.24.16.47.32,2003-11-24 16:47:32,0.15601443837180182,0.1470776241957372
2076,2003.11.24.16.57.32,2003-11-24 16:57:32,0.15621656298479125,0.1492077307776917
2077,2003.11.24.17.07.32,2003-11-24 17:07:32,0.15714809070462607,0.15046242701538273
2078,2003.11.24.17.17.32,2003-11-24 17:17:32,0.15704657450100593,0.14943505820621128
2079,2003.11.24.17.27.32,2003-11-24 17:27:32,0.1563112592413771,0.14828934448401881
2080,2003.11.24.17.37.32,2003-11-24 17:37:32,0.1576829177148321,0.14873676083415796
2081,2003.11.24.17.47.32,2003-11-24 17:47:32,0.15634640354159293,0.14855466346469698
2082,2003.11.24.17.57.32,2003-11-24 17:57:32,0.15672801754751764,0.14945208735917884
2083,2003.11.24.18.07.32,2003-11-24 18:07:32,0.15562811383054517,0.14889929958201828
2084,2003.11.24.18.17.32,2003-11-24 18:17:32,0.1560368389746072,0.14834551936352636
2085,2003.11.24.18.27.32,2003-11-24 18:27:32,0.15608790623445573,0.1485253383199206
2086,2003.11.24.18.37.32,2003-11-24 18:37:32,0.1545158759098984,0.14861313425089656
2087,2003.11.24.18.47.32,2003-11-24 18:47:32,0.15457822244892308,0.14951339349364115
2088,2003.11.24.18.57.32,2003-11-24 18:57:32,0.15596609363346012,0.14950806997711277
2089,2003.11.24.19.07.32,2003-11-24 19:07:32,0.15490623092974462,0.14740398258538082
2090,2003.11.24.19.17.32,2003-11-24 19:17:32,0.15530051513114823,0.14833564860962284
2091,2003.11.24.19.27.32,2003-11-24 19:27:32,0.15561641464144896,0.14754318753334564
2092,2003.11.24.19.37.32,2003-11-24 19:37:32,0.1559925881214493,0.14874115011094988
2093,2003.11.24.19.47.32,2003-11-24 19:47:32,0.15707308895363808,0.148377671166457
2094,2003.11.24.19.57.32,2003-11-24 19:57:32,0.1571836594026336,0.1487741706662211
2095,2003.11.24.20.07.32,2003-11-24 20:07:32,0.15680767822150404,0.1496951589898618
2096,2003.11.24.20.17.32,2003-11-24 20:17:32,0.15514366404768395,0.1480195134676084
2097,2003.11.24.20.27.32,2003-11-24 20:27:32,0.1551001939586654,0.1485433117932801
2098,2003.11.24.20.37.32,2003-11-24 20:37:32,0.15501969144701624,0.14745375433663516
2099,2003.11.24.20.47.32,2003-11-24 20:47:32,0.15560287320737565,0.14798093105880653
2100,2003.11.24.20.57.32,2003-11-24 20:57:32,0.15613590818953813,0.14730922796138105
2101,2003.11.24.21.07.32,2003-11-24 21:07:32,0.15594566345741032,0.14926169931637687
2102,2003.11.24.21.17.32,2003-11-24 21:17:32,0.15532404933793859,0.1472601887259206
2103,2003.11.24.21.27.32,2003-11-24 21:27:32,0.15592529072944677,0.1489967546967257
2104,2003.11.24.21.37.32,2003-11-24 21:37:32,0.15669479596346284,0.1495094599457882
2105,2003.11.24.21.47.32,2003-11-24 21:47:32,0.15588122199640903,0.14915382979128042
2106,2003.11.24.21.57.32,2003-11-24 21:57:32,0.15554784906776878,0.1485036472681837
2107,2003.11.24.22.07.32,2003-11-24 22:07:32,0.15716392669285031,0.1484760339786042
2108,2003.11.24.22.17.32,2003-11-24 22:17:32,0.15601091113935348,0.14831395253186735
2109,2003.11.24.22.27.32,2003-11-24 22:27:32,0.15803007696198018,0.14987534159286553
2110,2003.11.24.22.37.32,2003-11-24 22:37:32,0.15660478096748837,0.14879775493938072
2111,2003.11.24.22.47.32,2003-11-24 22:47:32,0.15644702000472674,0.1487749150286999
2112,2003.11.24.22.57.32,2003-11-24 22:57:32,0.15645392786046872,0.14847051557174787
2113,2003.11.24.23.07.32,2003-11-24 23:07:32,0.15605923151237922,0.14891628819129182
2114,2003.11.24.23.17.32,2003-11-24 23:17:32,0.15602600710323303,0.14906183880225474
2115,2003.11.24.23.27.32,2003-11-24 23:27:32,0.15506236790225128,0.14896549467415474
2116,2003.11.24.23.37.32,2003-11-24 23:37:32,0.15611772385341735,0.14826107838297026
2117,2003.11.24.23.47.32,2003-11-24 23:47:32,0.156559574261585,0.14880384906999844
2118,2003.11.24.23.57.32,2003-11-24 23:57:32,0.1559964204817694,0.14802458242451869
2119,2003.11.25.10.47.32,2003-11-25 10:47:32,0.1594196098719312,0.1505158835511119
2120,2003.11.25.10.57.32,2003-11-25 10:57:32,0.15975287770050886,0.1521091965201829
2121,2003.11.25.11.07.32,2003-11-25 11:07:32,0.15972144697879492,0.1501772983751726
2122,2003.11.25.11.17.32,2003-11-25 11:17:32,0.16122065806197883,0.1519123425349406
2123,2003.11.25.11.27.32,2003-11-25 11:27:32,0.16175435839858382,0.1514217253765642
2124,2003.11.25.11.37.32,2003-11-25 11:37:32,0.16103858642685415,0.15159682005111247
2125,2003.11.25.11.47.32,2003-11-25 11:47:32,0.16046573786121368,0.1506042335269829
2126,2003.11.25.11.57.32,2003-11-25 11:57:32,0.16218993284543357,0.15167514000554977
2127,2003.11.25.12.07.32,2003-11-25 12:07:32,0.16125136990697164,0.15115909926635454
2128,2003.11.25.12.17.32,2003-11-25 12:17:32,0.16181363777240973,0.1515775388801677
2129,2003.11.25.12.27.32,2003-11-25 12:27:32,0.16141952692247305,0.1510808408071135
2130,2003.11.25.12.37.32,2003-11-25 12:37:32,0.16321737327104613,0.15174965715699534
2131,2003.11.25.12.47.32,2003-11-25 12:47:32,0.1634289656292318,0.15163187684065232
2132,2003.11.25.12.57.32,2003-11-25 12:57:32,0.16415588502957715,0.15202067120183443
2133,2003.11.25.13.07.32,2003-11-25 13:07:32,0.16478595239710778,0.15360008459088856
2134,2003.11.25.13.17.32,2003-11-25 13:17:32,0.16468845380416397,0.1522610576854765
2135,2003.11.25.13.27.32,2003-11-25 13:27:32,0.16578247952536518,0.1536607342174128
2136,2003.11.25.13.37.32,2003-11-25 13:37:32,0.1667030500163858,0.15374654150073588
2137,2003.11.25.13.47.32,2003-11-25 13:47:32,0.16676724297678525,0.15373898302754493
2138,2003.11.25.13.57.32,2003-11-25 13:57:32,0.1666258452775353,0.15348358142037538
2139,2003.11.25.14.07.32,2003-11-25 14:07:32,0.16717090630268922,0.1539207060152544
2140,2003.11.25.14.17.32,2003-11-25 14:17:32,0.16765093304709788,0.15456509519404357
2141,2003.11.25.14.27.32,2003-11-25 14:27:32,0.16658612490756472,0.15389722007139417
2142,2003.11.25.14.37.32,2003-11-25 14:37:32,0.16602534309791758,0.1532544965821762
2143,2003.11.25.14.47.32,2003-11-25 14:47:32,0.16873161965872388,0.1536518984855154
2144,2003.11.25.14.57.32,2003-11-25 14:57:32,0.16705045288353382,0.1525718115053224
2145,2003.11.25.15.07.32,2003-11-25 15:07:32,0.16798115855329207,0.1537748750837771
2146,2003.11.25.15.17.32,2003-11-25 15:17:32,0.16888791412964546,0.154928773800001
2147,2003.11.25.15.27.32,2003-11-25 15:27:32,0.1692459331525336,0.15513390322456114
2148,2003.11.25.15.37.32,2003-11-25 15:37:32,0.16906392299539766,0.15496328430445025
2149,2003.11.25.15.47.32,2003-11-25 15:47:32,0.16785906447774498,0.15374017832577347
2150,2003.11.25.15.57.32,2003-11-25 15:57:32,0.16786649111091417,0.15394340462056785
2151,2003.11.25.16.07.32,2003-11-25 16:07:32,0.16863928254468916,0.1546867694111535
2152,2003.11.25.23.13.21,2003-11-25 23:13:21,0.17497490193908882,0.1577124413613468
2153,2003.11.25.23.19.56,2003-11-25 23:19:56,0.17457073663659597,0.15729629808302864
2154,2003.11.25.23.29.56,2003-11-25 23:29:56,0.173471297382665,0.15936344274884887
2155,2003.11.25.23.39.56,2003-11-25 23:39:56,0.17418140617143776,0.15799142208716585
